period,cluster,MedianRentPrice
2011-01,Cluster 1,1308.81
2011-02,Cluster 1,1308.81
2011-03,Cluster 1,1308.81
2011-04,Cluster 1,1308.81
2011-05,Cluster 1,1308.81
2011-06,Cluster 1,1308.81
2011-07,Cluster 1,1308.81
2011-08,Cluster 1,1308.81
2011-09,Cluster 1,1308.81
2011-10,Cluster 1,1308.81
2011-11,Cluster 1,1308.81
2011-12,Cluster 1,1308.81
2012-01,Cluster 1,1371.16
2012-02,Cluster 1,1371.16
2012-03,Cluster 1,1371.16
2012-04,Cluster 1,1371.16
2012-05,Cluster 1,1371.16
2012-06,Cluster 1,1371.16
2012-07,Cluster 1,1371.16
2012-08,Cluster 1,1371.16
2012-09,Cluster 1,1371.16
2012-10,Cluster 1,1371.16
2012-11,Cluster 1,1371.16
2012-12,Cluster 1,1371.16
2013-01,Cluster 1,1402.74
2013-02,Cluster 1,1402.74
2013-03,Cluster 1,1402.74
2013-04,Cluster 1,1402.74
2013-05,Cluster 1,1402.74
2013-06,Cluster 1,1402.74
2013-07,Cluster 1,1402.74
2013-08,Cluster 1,1402.74
2013-09,Cluster 1,1402.74
2013-10,Cluster 1,1402.74
2013-11,Cluster 1,1402.74
2013-12,Cluster 1,1402.74
2014-01,Cluster 1,1478.71
2014-02,Cluster 1,1478.71
2014-03,Cluster 1,1478.71
2014-04,Cluster 1,1478.71
2014-05,Cluster 1,1478.71
2014-06,Cluster 1,1478.71
2014-07,Cluster 1,1478.71
2014-08,Cluster 1,1478.71
2014-09,Cluster 1,1478.71
2014-10,Cluster 1,1478.71
2014-11,Cluster 1,1478.71
2014-12,Cluster 1,1478.71
2015-01,Cluster 1,1550.14
2015-02,Cluster 1,1550.14
2015-03,Cluster 1,1550.14
2015-04,Cluster 1,1550.14
2015-05,Cluster 1,1550.14
2015-06,Cluster 1,1550.14
2015-07,Cluster 1,1550.14
2015-08,Cluster 1,1550.14
2015-09,Cluster 1,1550.14
2015-10,Cluster 1,1550.14
2015-11,Cluster 1,1550.14
2015-12,Cluster 1,1550.14
2011-01,Cluster 10,1378.24
2011-02,Cluster 10,1378.24
2011-03,Cluster 10,1378.24
2011-04,Cluster 10,1378.24
2011-05,Cluster 10,1378.24
2011-06,Cluster 10,1378.24
2011-07,Cluster 10,1378.24
2011-08,Cluster 10,1378.24
2011-09,Cluster 10,1378.24
2011-10,Cluster 10,1378.24
2011-11,Cluster 10,1378.24
2011-12,Cluster 10,1378.24
2012-01,Cluster 10,1404.74
2012-02,Cluster 10,1404.74
2012-03,Cluster 10,1404.74
2012-04,Cluster 10,1404.74
2012-05,Cluster 10,1404.74
2012-06,Cluster 10,1404.74
2012-07,Cluster 10,1404.74
2012-08,Cluster 10,1404.74
2012-09,Cluster 10,1404.74
2012-10,Cluster 10,1404.74
2012-11,Cluster 10,1404.74
2012-12,Cluster 10,1404.74
2013-01,Cluster 10,1419.94
2013-02,Cluster 10,1419.94
2013-03,Cluster 10,1419.94
2013-04,Cluster 10,1419.94
2013-05,Cluster 10,1419.94
2013-06,Cluster 10,1419.94
2013-07,Cluster 10,1419.94
2013-08,Cluster 10,1419.94
2013-09,Cluster 10,1419.94
2013-10,Cluster 10,1419.94
2013-11,Cluster 10,1419.94
2013-12,Cluster 10,1419.94
2014-01,Cluster 10,1437.91
2014-02,Cluster 10,1437.91
2014-03,Cluster 10,1437.91
2014-04,Cluster 10,1437.91
2014-05,Cluster 10,1437.91
2014-06,Cluster 10,1437.91
2014-07,Cluster 10,1437.91
2014-08,Cluster 10,1437.91
2014-09,Cluster 10,1437.91
2014-10,Cluster 10,1437.91
2014-11,Cluster 10,1437.91
2014-12,Cluster 10,1437.91
2015-01,Cluster 10,1490.05
2015-02,Cluster 10,1490.05
2015-03,Cluster 10,1490.05
2015-04,Cluster 10,1490.05
2015-05,Cluster 10,1490.05
2015-06,Cluster 10,1490.05
2015-07,Cluster 10,1490.05
2015-08,Cluster 10,1490.05
2015-09,Cluster 10,1490.05
2015-10,Cluster 10,1490.05
2015-11,Cluster 10,1490.05
2015-12,Cluster 10,1490.05
2011-01,Cluster 11,1433
2011-02,Cluster 11,1433
2011-03,Cluster 11,1433
2011-04,Cluster 11,1433
2011-05,Cluster 11,1433
2011-06,Cluster 11,1433
2011-07,Cluster 11,1433
2011-08,Cluster 11,1433
2011-09,Cluster 11,1433
2011-10,Cluster 11,1433
2011-11,Cluster 11,1433
2011-12,Cluster 11,1433
2012-01,Cluster 11,1498.17
2012-02,Cluster 11,1498.17
2012-03,Cluster 11,1498.17
2012-04,Cluster 11,1498.17
2012-05,Cluster 11,1498.17
2012-06,Cluster 11,1498.17
2012-07,Cluster 11,1498.17
2012-08,Cluster 11,1498.17
2012-09,Cluster 11,1498.17
2012-10,Cluster 11,1498.17
2012-11,Cluster 11,1498.17
2012-12,Cluster 11,1498.17
2013-01,Cluster 11,1618.34
2013-02,Cluster 11,1618.34
2013-03,Cluster 11,1618.34
2013-04,Cluster 11,1618.34
2013-05,Cluster 11,1618.34
2013-06,Cluster 11,1618.34
2013-07,Cluster 11,1618.34
2013-08,Cluster 11,1618.34
2013-09,Cluster 11,1618.34
2013-10,Cluster 11,1618.34
2013-11,Cluster 11,1618.34
2013-12,Cluster 11,1618.34
2014-01,Cluster 11,1623.62
2014-02,Cluster 11,1623.62
2014-03,Cluster 11,1623.62
2014-04,Cluster 11,1623.62
2014-05,Cluster 11,1623.62
2014-06,Cluster 11,1623.62
2014-07,Cluster 11,1623.62
2014-08,Cluster 11,1623.62
2014-09,Cluster 11,1623.62
2014-10,Cluster 11,1623.62
2014-11,Cluster 11,1623.62
2014-12,Cluster 11,1623.62
2015-01,Cluster 11,1990.81
2015-02,Cluster 11,1990.81
2015-03,Cluster 11,1990.81
2015-04,Cluster 11,1990.81
2015-05,Cluster 11,1990.81
2015-06,Cluster 11,1990.81
2015-07,Cluster 11,1990.81
2015-08,Cluster 11,1990.81
2015-09,Cluster 11,1990.81
2015-10,Cluster 11,1990.81
2015-11,Cluster 11,1990.81
2015-12,Cluster 11,1990.81
2011-01,Cluster 12,1433.53
2011-02,Cluster 12,1433.53
2011-03,Cluster 12,1433.53
2011-04,Cluster 12,1433.53
2011-05,Cluster 12,1433.53
2011-06,Cluster 12,1433.53
2011-07,Cluster 12,1433.53
2011-08,Cluster 12,1433.53
2011-09,Cluster 12,1433.53
2011-10,Cluster 12,1433.53
2011-11,Cluster 12,1433.53
2011-12,Cluster 12,1433.53
2012-01,Cluster 12,1442.86
2012-02,Cluster 12,1442.86
2012-03,Cluster 12,1442.86
2012-04,Cluster 12,1442.86
2012-05,Cluster 12,1442.86
2012-06,Cluster 12,1442.86
2012-07,Cluster 12,1442.86
2012-08,Cluster 12,1442.86
2012-09,Cluster 12,1442.86
2012-10,Cluster 12,1442.86
2012-11,Cluster 12,1442.86
2012-12,Cluster 12,1442.86
2013-01,Cluster 12,1479.18
2013-02,Cluster 12,1479.18
2013-03,Cluster 12,1479.18
2013-04,Cluster 12,1479.18
2013-05,Cluster 12,1479.18
2013-06,Cluster 12,1479.18
2013-07,Cluster 12,1479.18
2013-08,Cluster 12,1479.18
2013-09,Cluster 12,1479.18
2013-10,Cluster 12,1479.18
2013-11,Cluster 12,1479.18
2013-12,Cluster 12,1479.18
2014-01,Cluster 12,1525.76
2014-02,Cluster 12,1525.76
2014-03,Cluster 12,1525.76
2014-04,Cluster 12,1525.76
2014-05,Cluster 12,1525.76
2014-06,Cluster 12,1525.76
2014-07,Cluster 12,1525.76
2014-08,Cluster 12,1525.76
2014-09,Cluster 12,1525.76
2014-10,Cluster 12,1525.76
2014-11,Cluster 12,1525.76
2014-12,Cluster 12,1525.76
2015-01,Cluster 12,1579.17
2015-02,Cluster 12,1579.17
2015-03,Cluster 12,1579.17
2015-04,Cluster 12,1579.17
2015-05,Cluster 12,1579.17
2015-06,Cluster 12,1579.17
2015-07,Cluster 12,1579.17
2015-08,Cluster 12,1579.17
2015-09,Cluster 12,1579.17
2015-10,Cluster 12,1579.17
2015-11,Cluster 12,1579.17
2015-12,Cluster 12,1579.17
2011-01,Cluster 13,1498.03
2011-02,Cluster 13,1498.03
2011-03,Cluster 13,1498.03
2011-04,Cluster 13,1498.03
2011-05,Cluster 13,1498.03
2011-06,Cluster 13,1498.03
2011-07,Cluster 13,1498.03
2011-08,Cluster 13,1498.03
2011-09,Cluster 13,1498.03
2011-10,Cluster 13,1498.03
2011-11,Cluster 13,1498.03
2011-12,Cluster 13,1498.03
2012-01,Cluster 13,1555.35
2012-02,Cluster 13,1555.35
2012-03,Cluster 13,1555.35
2012-04,Cluster 13,1555.35
2012-05,Cluster 13,1555.35
2012-06,Cluster 13,1555.35
2012-07,Cluster 13,1555.35
2012-08,Cluster 13,1555.35
2012-09,Cluster 13,1555.35
2012-10,Cluster 13,1555.35
2012-11,Cluster 13,1555.35
2012-12,Cluster 13,1555.35
2013-01,Cluster 13,1505.67
2013-02,Cluster 13,1505.67
2013-03,Cluster 13,1505.67
2013-04,Cluster 13,1505.67
2013-05,Cluster 13,1505.67
2013-06,Cluster 13,1505.67
2013-07,Cluster 13,1505.67
2013-08,Cluster 13,1505.67
2013-09,Cluster 13,1505.67
2013-10,Cluster 13,1505.67
2013-11,Cluster 13,1505.67
2013-12,Cluster 13,1505.67
2014-01,Cluster 13,1666.37
2014-02,Cluster 13,1666.37
2014-03,Cluster 13,1666.37
2014-04,Cluster 13,1666.37
2014-05,Cluster 13,1666.37
2014-06,Cluster 13,1666.37
2014-07,Cluster 13,1666.37
2014-08,Cluster 13,1666.37
2014-09,Cluster 13,1666.37
2014-10,Cluster 13,1666.37
2014-11,Cluster 13,1666.37
2014-12,Cluster 13,1666.37
2015-01,Cluster 13,2295.39
2015-02,Cluster 13,2295.39
2015-03,Cluster 13,2295.39
2015-04,Cluster 13,2295.39
2015-05,Cluster 13,2295.39
2015-06,Cluster 13,2295.39
2015-07,Cluster 13,2295.39
2015-08,Cluster 13,2295.39
2015-09,Cluster 13,2295.39
2015-10,Cluster 13,2295.39
2015-11,Cluster 13,2295.39
2015-12,Cluster 13,2295.39
2011-01,Cluster 14,1363.34
2011-02,Cluster 14,1363.34
2011-03,Cluster 14,1363.34
2011-04,Cluster 14,1363.34
2011-05,Cluster 14,1363.34
2011-06,Cluster 14,1363.34
2011-07,Cluster 14,1363.34
2011-08,Cluster 14,1363.34
2011-09,Cluster 14,1363.34
2011-10,Cluster 14,1363.34
2011-11,Cluster 14,1363.34
2011-12,Cluster 14,1363.34
2012-01,Cluster 14,1425.49
2012-02,Cluster 14,1425.49
2012-03,Cluster 14,1425.49
2012-04,Cluster 14,1425.49
2012-05,Cluster 14,1425.49
2012-06,Cluster 14,1425.49
2012-07,Cluster 14,1425.49
2012-08,Cluster 14,1425.49
2012-09,Cluster 14,1425.49
2012-10,Cluster 14,1425.49
2012-11,Cluster 14,1425.49
2012-12,Cluster 14,1425.49
2013-01,Cluster 14,1445.29
2013-02,Cluster 14,1445.29
2013-03,Cluster 14,1445.29
2013-04,Cluster 14,1445.29
2013-05,Cluster 14,1445.29
2013-06,Cluster 14,1445.29
2013-07,Cluster 14,1445.29
2013-08,Cluster 14,1445.29
2013-09,Cluster 14,1445.29
2013-10,Cluster 14,1445.29
2013-11,Cluster 14,1445.29
2013-12,Cluster 14,1445.29
2014-01,Cluster 14,1495.77
2014-02,Cluster 14,1495.77
2014-03,Cluster 14,1495.77
2014-04,Cluster 14,1495.77
2014-05,Cluster 14,1495.77
2014-06,Cluster 14,1495.77
2014-07,Cluster 14,1495.77
2014-08,Cluster 14,1495.77
2014-09,Cluster 14,1495.77
2014-10,Cluster 14,1495.77
2014-11,Cluster 14,1495.77
2014-12,Cluster 14,1495.77
2015-01,Cluster 14,1559.16
2015-02,Cluster 14,1559.16
2015-03,Cluster 14,1559.16
2015-04,Cluster 14,1559.16
2015-05,Cluster 14,1559.16
2015-06,Cluster 14,1559.16
2015-07,Cluster 14,1559.16
2015-08,Cluster 14,1559.16
2015-09,Cluster 14,1559.16
2015-10,Cluster 14,1559.16
2015-11,Cluster 14,1559.16
2015-12,Cluster 14,1559.16
2011-01,Cluster 15,1406.63
2011-02,Cluster 15,1406.63
2011-03,Cluster 15,1406.63
2011-04,Cluster 15,1406.63
2011-05,Cluster 15,1406.63
2011-06,Cluster 15,1406.63
2011-07,Cluster 15,1406.63
2011-08,Cluster 15,1406.63
2011-09,Cluster 15,1406.63
2011-10,Cluster 15,1406.63
2011-11,Cluster 15,1406.63
2011-12,Cluster 15,1406.63
2012-01,Cluster 15,1403.41
2012-02,Cluster 15,1403.41
2012-03,Cluster 15,1403.41
2012-04,Cluster 15,1403.41
2012-05,Cluster 15,1403.41
2012-06,Cluster 15,1403.41
2012-07,Cluster 15,1403.41
2012-08,Cluster 15,1403.41
2012-09,Cluster 15,1403.41
2012-10,Cluster 15,1403.41
2012-11,Cluster 15,1403.41
2012-12,Cluster 15,1403.41
2013-01,Cluster 15,1473.33
2013-02,Cluster 15,1473.33
2013-03,Cluster 15,1473.33
2013-04,Cluster 15,1473.33
2013-05,Cluster 15,1473.33
2013-06,Cluster 15,1473.33
2013-07,Cluster 15,1473.33
2013-08,Cluster 15,1473.33
2013-09,Cluster 15,1473.33
2013-10,Cluster 15,1473.33
2013-11,Cluster 15,1473.33
2013-12,Cluster 15,1473.33
2014-01,Cluster 15,1539.07
2014-02,Cluster 15,1539.07
2014-03,Cluster 15,1539.07
2014-04,Cluster 15,1539.07
2014-05,Cluster 15,1539.07
2014-06,Cluster 15,1539.07
2014-07,Cluster 15,1539.07
2014-08,Cluster 15,1539.07
2014-09,Cluster 15,1539.07
2014-10,Cluster 15,1539.07
2014-11,Cluster 15,1539.07
2014-12,Cluster 15,1539.07
2015-01,Cluster 15,1565.53
2015-02,Cluster 15,1565.53
2015-03,Cluster 15,1565.53
2015-04,Cluster 15,1565.53
2015-05,Cluster 15,1565.53
2015-06,Cluster 15,1565.53
2015-07,Cluster 15,1565.53
2015-08,Cluster 15,1565.53
2015-09,Cluster 15,1565.53
2015-10,Cluster 15,1565.53
2015-11,Cluster 15,1565.53
2015-12,Cluster 15,1565.53
2011-01,Cluster 16,1100.26
2011-02,Cluster 16,1100.26
2011-03,Cluster 16,1100.26
2011-04,Cluster 16,1100.26
2011-05,Cluster 16,1100.26
2011-06,Cluster 16,1100.26
2011-07,Cluster 16,1100.26
2011-08,Cluster 16,1100.26
2011-09,Cluster 16,1100.26
2011-10,Cluster 16,1100.26
2011-11,Cluster 16,1100.26
2011-12,Cluster 16,1100.26
2012-01,Cluster 16,1104.66
2012-02,Cluster 16,1104.66
2012-03,Cluster 16,1104.66
2012-04,Cluster 16,1104.66
2012-05,Cluster 16,1104.66
2012-06,Cluster 16,1104.66
2012-07,Cluster 16,1104.66
2012-08,Cluster 16,1104.66
2012-09,Cluster 16,1104.66
2012-10,Cluster 16,1104.66
2012-11,Cluster 16,1104.66
2012-12,Cluster 16,1104.66
2013-01,Cluster 16,1180.82
2013-02,Cluster 16,1180.82
2013-03,Cluster 16,1180.82
2013-04,Cluster 16,1180.82
2013-05,Cluster 16,1180.82
2013-06,Cluster 16,1180.82
2013-07,Cluster 16,1180.82
2013-08,Cluster 16,1180.82
2013-09,Cluster 16,1180.82
2013-10,Cluster 16,1180.82
2013-11,Cluster 16,1180.82
2013-12,Cluster 16,1180.82
2014-01,Cluster 16,1361.39
2014-02,Cluster 16,1361.39
2014-03,Cluster 16,1361.39
2014-04,Cluster 16,1361.39
2014-05,Cluster 16,1361.39
2014-06,Cluster 16,1361.39
2014-07,Cluster 16,1361.39
2014-08,Cluster 16,1361.39
2014-09,Cluster 16,1361.39
2014-10,Cluster 16,1361.39
2014-11,Cluster 16,1361.39
2014-12,Cluster 16,1361.39
2015-01,Cluster 16,1378.66
2015-02,Cluster 16,1378.66
2015-03,Cluster 16,1378.66
2015-04,Cluster 16,1378.66
2015-05,Cluster 16,1378.66
2015-06,Cluster 16,1378.66
2015-07,Cluster 16,1378.66
2015-08,Cluster 16,1378.66
2015-09,Cluster 16,1378.66
2015-10,Cluster 16,1378.66
2015-11,Cluster 16,1378.66
2015-12,Cluster 16,1378.66
2011-01,Cluster 17,1170.28
2011-02,Cluster 17,1170.28
2011-03,Cluster 17,1170.28
2011-04,Cluster 17,1170.28
2011-05,Cluster 17,1170.28
2011-06,Cluster 17,1170.28
2011-07,Cluster 17,1170.28
2011-08,Cluster 17,1170.28
2011-09,Cluster 17,1170.28
2011-10,Cluster 17,1170.28
2011-11,Cluster 17,1170.28
2011-12,Cluster 17,1170.28
2012-01,Cluster 17,1238.71
2012-02,Cluster 17,1238.71
2012-03,Cluster 17,1238.71
2012-04,Cluster 17,1238.71
2012-05,Cluster 17,1238.71
2012-06,Cluster 17,1238.71
2012-07,Cluster 17,1238.71
2012-08,Cluster 17,1238.71
2012-09,Cluster 17,1238.71
2012-10,Cluster 17,1238.71
2012-11,Cluster 17,1238.71
2012-12,Cluster 17,1238.71
2013-01,Cluster 17,1313.4
2013-02,Cluster 17,1313.4
2013-03,Cluster 17,1313.4
2013-04,Cluster 17,1313.4
2013-05,Cluster 17,1313.4
2013-06,Cluster 17,1313.4
2013-07,Cluster 17,1313.4
2013-08,Cluster 17,1313.4
2013-09,Cluster 17,1313.4
2013-10,Cluster 17,1313.4
2013-11,Cluster 17,1313.4
2013-12,Cluster 17,1313.4
2014-01,Cluster 17,1350.31
2014-02,Cluster 17,1350.31
2014-03,Cluster 17,1350.31
2014-04,Cluster 17,1350.31
2014-05,Cluster 17,1350.31
2014-06,Cluster 17,1350.31
2014-07,Cluster 17,1350.31
2014-08,Cluster 17,1350.31
2014-09,Cluster 17,1350.31
2014-10,Cluster 17,1350.31
2014-11,Cluster 17,1350.31
2014-12,Cluster 17,1350.31
2015-01,Cluster 17,1282.73
2015-02,Cluster 17,1282.73
2015-03,Cluster 17,1282.73
2015-04,Cluster 17,1282.73
2015-05,Cluster 17,1282.73
2015-06,Cluster 17,1282.73
2015-07,Cluster 17,1282.73
2015-08,Cluster 17,1282.73
2015-09,Cluster 17,1282.73
2015-10,Cluster 17,1282.73
2015-11,Cluster 17,1282.73
2015-12,Cluster 17,1282.73
2011-01,Cluster 18,981.22
2011-02,Cluster 18,981.22
2011-03,Cluster 18,981.22
2011-04,Cluster 18,981.22
2011-05,Cluster 18,981.22
2011-06,Cluster 18,981.22
2011-07,Cluster 18,981.22
2011-08,Cluster 18,981.22
2011-09,Cluster 18,981.22
2011-10,Cluster 18,981.22
2011-11,Cluster 18,981.22
2011-12,Cluster 18,981.22
2012-01,Cluster 18,1063.25
2012-02,Cluster 18,1063.25
2012-03,Cluster 18,1063.25
2012-04,Cluster 18,1063.25
2012-05,Cluster 18,1063.25
2012-06,Cluster 18,1063.25
2012-07,Cluster 18,1063.25
2012-08,Cluster 18,1063.25
2012-09,Cluster 18,1063.25
2012-10,Cluster 18,1063.25
2012-11,Cluster 18,1063.25
2012-12,Cluster 18,1063.25
2013-01,Cluster 18,1046.19
2013-02,Cluster 18,1046.19
2013-03,Cluster 18,1046.19
2013-04,Cluster 18,1046.19
2013-05,Cluster 18,1046.19
2013-06,Cluster 18,1046.19
2013-07,Cluster 18,1046.19
2013-08,Cluster 18,1046.19
2013-09,Cluster 18,1046.19
2013-10,Cluster 18,1046.19
2013-11,Cluster 18,1046.19
2013-12,Cluster 18,1046.19
2014-01,Cluster 18,1098.8
2014-02,Cluster 18,1098.8
2014-03,Cluster 18,1098.8
2014-04,Cluster 18,1098.8
2014-05,Cluster 18,1098.8
2014-06,Cluster 18,1098.8
2014-07,Cluster 18,1098.8
2014-08,Cluster 18,1098.8
2014-09,Cluster 18,1098.8
2014-10,Cluster 18,1098.8
2014-11,Cluster 18,1098.8
2014-12,Cluster 18,1098.8
2015-01,Cluster 18,1100.01
2015-02,Cluster 18,1100.01
2015-03,Cluster 18,1100.01
2015-04,Cluster 18,1100.01
2015-05,Cluster 18,1100.01
2015-06,Cluster 18,1100.01
2015-07,Cluster 18,1100.01
2015-08,Cluster 18,1100.01
2015-09,Cluster 18,1100.01
2015-10,Cluster 18,1100.01
2015-11,Cluster 18,1100.01
2015-12,Cluster 18,1100.01
2011-01,Cluster 19,944.97
2011-02,Cluster 19,944.97
2011-03,Cluster 19,944.97
2011-04,Cluster 19,944.97
2011-05,Cluster 19,944.97
2011-06,Cluster 19,944.97
2011-07,Cluster 19,944.97
2011-08,Cluster 19,944.97
2011-09,Cluster 19,944.97
2011-10,Cluster 19,944.97
2011-11,Cluster 19,944.97
2011-12,Cluster 19,944.97
2012-01,Cluster 19,1036.13
2012-02,Cluster 19,1036.13
2012-03,Cluster 19,1036.13
2012-04,Cluster 19,1036.13
2012-05,Cluster 19,1036.13
2012-06,Cluster 19,1036.13
2012-07,Cluster 19,1036.13
2012-08,Cluster 19,1036.13
2012-09,Cluster 19,1036.13
2012-10,Cluster 19,1036.13
2012-11,Cluster 19,1036.13
2012-12,Cluster 19,1036.13
2013-01,Cluster 19,1068.3
2013-02,Cluster 19,1068.3
2013-03,Cluster 19,1068.3
2013-04,Cluster 19,1068.3
2013-05,Cluster 19,1068.3
2013-06,Cluster 19,1068.3
2013-07,Cluster 19,1068.3
2013-08,Cluster 19,1068.3
2013-09,Cluster 19,1068.3
2013-10,Cluster 19,1068.3
2013-11,Cluster 19,1068.3
2013-12,Cluster 19,1068.3
2014-01,Cluster 19,1087.93
2014-02,Cluster 19,1087.93
2014-03,Cluster 19,1087.93
2014-04,Cluster 19,1087.93
2014-05,Cluster 19,1087.93
2014-06,Cluster 19,1087.93
2014-07,Cluster 19,1087.93
2014-08,Cluster 19,1087.93
2014-09,Cluster 19,1087.93
2014-10,Cluster 19,1087.93
2014-11,Cluster 19,1087.93
2014-12,Cluster 19,1087.93
2015-01,Cluster 19,1150.35
2015-02,Cluster 19,1150.35
2015-03,Cluster 19,1150.35
2015-04,Cluster 19,1150.35
2015-05,Cluster 19,1150.35
2015-06,Cluster 19,1150.35
2015-07,Cluster 19,1150.35
2015-08,Cluster 19,1150.35
2015-09,Cluster 19,1150.35
2015-10,Cluster 19,1150.35
2015-11,Cluster 19,1150.35
2015-12,Cluster 19,1150.35
2011-01,Cluster 2,1012.96
2011-02,Cluster 2,1012.96
2011-03,Cluster 2,1012.96
2011-04,Cluster 2,1012.96
2011-05,Cluster 2,1012.96
2011-06,Cluster 2,1012.96
2011-07,Cluster 2,1012.96
2011-08,Cluster 2,1012.96
2011-09,Cluster 2,1012.96
2011-10,Cluster 2,1012.96
2011-11,Cluster 2,1012.96
2011-12,Cluster 2,1012.96
2012-01,Cluster 2,1095.07
2012-02,Cluster 2,1095.07
2012-03,Cluster 2,1095.07
2012-04,Cluster 2,1095.07
2012-05,Cluster 2,1095.07
2012-06,Cluster 2,1095.07
2012-07,Cluster 2,1095.07
2012-08,Cluster 2,1095.07
2012-09,Cluster 2,1095.07
2012-10,Cluster 2,1095.07
2012-11,Cluster 2,1095.07
2012-12,Cluster 2,1095.07
2013-01,Cluster 2,1171.93
2013-02,Cluster 2,1171.93
2013-03,Cluster 2,1171.93
2013-04,Cluster 2,1171.93
2013-05,Cluster 2,1171.93
2013-06,Cluster 2,1171.93
2013-07,Cluster 2,1171.93
2013-08,Cluster 2,1171.93
2013-09,Cluster 2,1171.93
2013-10,Cluster 2,1171.93
2013-11,Cluster 2,1171.93
2013-12,Cluster 2,1171.93
2014-01,Cluster 2,1208.6
2014-02,Cluster 2,1208.6
2014-03,Cluster 2,1208.6
2014-04,Cluster 2,1208.6
2014-05,Cluster 2,1208.6
2014-06,Cluster 2,1208.6
2014-07,Cluster 2,1208.6
2014-08,Cluster 2,1208.6
2014-09,Cluster 2,1208.6
2014-10,Cluster 2,1208.6
2014-11,Cluster 2,1208.6
2014-12,Cluster 2,1208.6
2015-01,Cluster 2,1285.81
2015-02,Cluster 2,1285.81
2015-03,Cluster 2,1285.81
2015-04,Cluster 2,1285.81
2015-05,Cluster 2,1285.81
2015-06,Cluster 2,1285.81
2015-07,Cluster 2,1285.81
2015-08,Cluster 2,1285.81
2015-09,Cluster 2,1285.81
2015-10,Cluster 2,1285.81
2015-11,Cluster 2,1285.81
2015-12,Cluster 2,1285.81
2011-01,Cluster 20,1258.94
2011-02,Cluster 20,1258.94
2011-03,Cluster 20,1258.94
2011-04,Cluster 20,1258.94
2011-05,Cluster 20,1258.94
2011-06,Cluster 20,1258.94
2011-07,Cluster 20,1258.94
2011-08,Cluster 20,1258.94
2011-09,Cluster 20,1258.94
2011-10,Cluster 20,1258.94
2011-11,Cluster 20,1258.94
2011-12,Cluster 20,1258.94
2012-01,Cluster 20,1088.98
2012-02,Cluster 20,1088.98
2012-03,Cluster 20,1088.98
2012-04,Cluster 20,1088.98
2012-05,Cluster 20,1088.98
2012-06,Cluster 20,1088.98
2012-07,Cluster 20,1088.98
2012-08,Cluster 20,1088.98
2012-09,Cluster 20,1088.98
2012-10,Cluster 20,1088.98
2012-11,Cluster 20,1088.98
2012-12,Cluster 20,1088.98
2013-01,Cluster 20,1174.06
2013-02,Cluster 20,1174.06
2013-03,Cluster 20,1174.06
2013-04,Cluster 20,1174.06
2013-05,Cluster 20,1174.06
2013-06,Cluster 20,1174.06
2013-07,Cluster 20,1174.06
2013-08,Cluster 20,1174.06
2013-09,Cluster 20,1174.06
2013-10,Cluster 20,1174.06
2013-11,Cluster 20,1174.06
2013-12,Cluster 20,1174.06
2014-01,Cluster 20,1274.57
2014-02,Cluster 20,1274.57
2014-03,Cluster 20,1274.57
2014-04,Cluster 20,1274.57
2014-05,Cluster 20,1274.57
2014-06,Cluster 20,1274.57
2014-07,Cluster 20,1274.57
2014-08,Cluster 20,1274.57
2014-09,Cluster 20,1274.57
2014-10,Cluster 20,1274.57
2014-11,Cluster 20,1274.57
2014-12,Cluster 20,1274.57
2015-01,Cluster 20,1296.15
2015-02,Cluster 20,1296.15
2015-03,Cluster 20,1296.15
2015-04,Cluster 20,1296.15
2015-05,Cluster 20,1296.15
2015-06,Cluster 20,1296.15
2015-07,Cluster 20,1296.15
2015-08,Cluster 20,1296.15
2015-09,Cluster 20,1296.15
2015-10,Cluster 20,1296.15
2015-11,Cluster 20,1296.15
2015-12,Cluster 20,1296.15
2011-01,Cluster 21,1150.09
2011-02,Cluster 21,1150.09
2011-03,Cluster 21,1150.09
2011-04,Cluster 21,1150.09
2011-05,Cluster 21,1150.09
2011-06,Cluster 21,1150.09
2011-07,Cluster 21,1150.09
2011-08,Cluster 21,1150.09
2011-09,Cluster 21,1150.09
2011-10,Cluster 21,1150.09
2011-11,Cluster 21,1150.09
2011-12,Cluster 21,1150.09
2012-01,Cluster 21,1160.47
2012-02,Cluster 21,1160.47
2012-03,Cluster 21,1160.47
2012-04,Cluster 21,1160.47
2012-05,Cluster 21,1160.47
2012-06,Cluster 21,1160.47
2012-07,Cluster 21,1160.47
2012-08,Cluster 21,1160.47
2012-09,Cluster 21,1160.47
2012-10,Cluster 21,1160.47
2012-11,Cluster 21,1160.47
2012-12,Cluster 21,1160.47
2013-01,Cluster 21,1191.69
2013-02,Cluster 21,1191.69
2013-03,Cluster 21,1191.69
2013-04,Cluster 21,1191.69
2013-05,Cluster 21,1191.69
2013-06,Cluster 21,1191.69
2013-07,Cluster 21,1191.69
2013-08,Cluster 21,1191.69
2013-09,Cluster 21,1191.69
2013-10,Cluster 21,1191.69
2013-11,Cluster 21,1191.69
2013-12,Cluster 21,1191.69
2014-01,Cluster 21,1201.13
2014-02,Cluster 21,1201.13
2014-03,Cluster 21,1201.13
2014-04,Cluster 21,1201.13
2014-05,Cluster 21,1201.13
2014-06,Cluster 21,1201.13
2014-07,Cluster 21,1201.13
2014-08,Cluster 21,1201.13
2014-09,Cluster 21,1201.13
2014-10,Cluster 21,1201.13
2014-11,Cluster 21,1201.13
2014-12,Cluster 21,1201.13
2015-01,Cluster 21,1197.29
2015-02,Cluster 21,1197.29
2015-03,Cluster 21,1197.29
2015-04,Cluster 21,1197.29
2015-05,Cluster 21,1197.29
2015-06,Cluster 21,1197.29
2015-07,Cluster 21,1197.29
2015-08,Cluster 21,1197.29
2015-09,Cluster 21,1197.29
2015-10,Cluster 21,1197.29
2015-11,Cluster 21,1197.29
2015-12,Cluster 21,1197.29
2011-01,Cluster 22,1067.78
2011-02,Cluster 22,1067.78
2011-03,Cluster 22,1067.78
2011-04,Cluster 22,1067.78
2011-05,Cluster 22,1067.78
2011-06,Cluster 22,1067.78
2011-07,Cluster 22,1067.78
2011-08,Cluster 22,1067.78
2011-09,Cluster 22,1067.78
2011-10,Cluster 22,1067.78
2011-11,Cluster 22,1067.78
2011-12,Cluster 22,1067.78
2012-01,Cluster 22,1183.18
2012-02,Cluster 22,1183.18
2012-03,Cluster 22,1183.18
2012-04,Cluster 22,1183.18
2012-05,Cluster 22,1183.18
2012-06,Cluster 22,1183.18
2012-07,Cluster 22,1183.18
2012-08,Cluster 22,1183.18
2012-09,Cluster 22,1183.18
2012-10,Cluster 22,1183.18
2012-11,Cluster 22,1183.18
2012-12,Cluster 22,1183.18
2013-01,Cluster 22,1212
2013-02,Cluster 22,1212
2013-03,Cluster 22,1212
2013-04,Cluster 22,1212
2013-05,Cluster 22,1212
2013-06,Cluster 22,1212
2013-07,Cluster 22,1212
2013-08,Cluster 22,1212
2013-09,Cluster 22,1212
2013-10,Cluster 22,1212
2013-11,Cluster 22,1212
2013-12,Cluster 22,1212
2014-01,Cluster 22,1169.4
2014-02,Cluster 22,1169.4
2014-03,Cluster 22,1169.4
2014-04,Cluster 22,1169.4
2014-05,Cluster 22,1169.4
2014-06,Cluster 22,1169.4
2014-07,Cluster 22,1169.4
2014-08,Cluster 22,1169.4
2014-09,Cluster 22,1169.4
2014-10,Cluster 22,1169.4
2014-11,Cluster 22,1169.4
2014-12,Cluster 22,1169.4
2015-01,Cluster 22,1120.28
2015-02,Cluster 22,1120.28
2015-03,Cluster 22,1120.28
2015-04,Cluster 22,1120.28
2015-05,Cluster 22,1120.28
2015-06,Cluster 22,1120.28
2015-07,Cluster 22,1120.28
2015-08,Cluster 22,1120.28
2015-09,Cluster 22,1120.28
2015-10,Cluster 22,1120.28
2015-11,Cluster 22,1120.28
2015-12,Cluster 22,1120.28
2011-01,Cluster 23,908.75
2011-02,Cluster 23,908.75
2011-03,Cluster 23,908.75
2011-04,Cluster 23,908.75
2011-05,Cluster 23,908.75
2011-06,Cluster 23,908.75
2011-07,Cluster 23,908.75
2011-08,Cluster 23,908.75
2011-09,Cluster 23,908.75
2011-10,Cluster 23,908.75
2011-11,Cluster 23,908.75
2011-12,Cluster 23,908.75
2012-01,Cluster 23,917.77
2012-02,Cluster 23,917.77
2012-03,Cluster 23,917.77
2012-04,Cluster 23,917.77
2012-05,Cluster 23,917.77
2012-06,Cluster 23,917.77
2012-07,Cluster 23,917.77
2012-08,Cluster 23,917.77
2012-09,Cluster 23,917.77
2012-10,Cluster 23,917.77
2012-11,Cluster 23,917.77
2012-12,Cluster 23,917.77
2013-01,Cluster 23,926.03
2013-02,Cluster 23,926.03
2013-03,Cluster 23,926.03
2013-04,Cluster 23,926.03
2013-05,Cluster 23,926.03
2013-06,Cluster 23,926.03
2013-07,Cluster 23,926.03
2013-08,Cluster 23,926.03
2013-09,Cluster 23,926.03
2013-10,Cluster 23,926.03
2013-11,Cluster 23,926.03
2013-12,Cluster 23,926.03
2014-01,Cluster 23,910.6
2014-02,Cluster 23,910.6
2014-03,Cluster 23,910.6
2014-04,Cluster 23,910.6
2014-05,Cluster 23,910.6
2014-06,Cluster 23,910.6
2014-07,Cluster 23,910.6
2014-08,Cluster 23,910.6
2014-09,Cluster 23,910.6
2014-10,Cluster 23,910.6
2014-11,Cluster 23,910.6
2014-12,Cluster 23,910.6
2015-01,Cluster 23,978.68
2015-02,Cluster 23,978.68
2015-03,Cluster 23,978.68
2015-04,Cluster 23,978.68
2015-05,Cluster 23,978.68
2015-06,Cluster 23,978.68
2015-07,Cluster 23,978.68
2015-08,Cluster 23,978.68
2015-09,Cluster 23,978.68
2015-10,Cluster 23,978.68
2015-11,Cluster 23,978.68
2015-12,Cluster 23,978.68
2011-01,Cluster 24,781.35
2011-02,Cluster 24,781.35
2011-03,Cluster 24,781.35
2011-04,Cluster 24,781.35
2011-05,Cluster 24,781.35
2011-06,Cluster 24,781.35
2011-07,Cluster 24,781.35
2011-08,Cluster 24,781.35
2011-09,Cluster 24,781.35
2011-10,Cluster 24,781.35
2011-11,Cluster 24,781.35
2011-12,Cluster 24,781.35
2012-01,Cluster 24,814.52
2012-02,Cluster 24,814.52
2012-03,Cluster 24,814.52
2012-04,Cluster 24,814.52
2012-05,Cluster 24,814.52
2012-06,Cluster 24,814.52
2012-07,Cluster 24,814.52
2012-08,Cluster 24,814.52
2012-09,Cluster 24,814.52
2012-10,Cluster 24,814.52
2012-11,Cluster 24,814.52
2012-12,Cluster 24,814.52
2013-01,Cluster 24,875.52
2013-02,Cluster 24,875.52
2013-03,Cluster 24,875.52
2013-04,Cluster 24,875.52
2013-05,Cluster 24,875.52
2013-06,Cluster 24,875.52
2013-07,Cluster 24,875.52
2013-08,Cluster 24,875.52
2013-09,Cluster 24,875.52
2013-10,Cluster 24,875.52
2013-11,Cluster 24,875.52
2013-12,Cluster 24,875.52
2014-01,Cluster 24,812.06
2014-02,Cluster 24,812.06
2014-03,Cluster 24,812.06
2014-04,Cluster 24,812.06
2014-05,Cluster 24,812.06
2014-06,Cluster 24,812.06
2014-07,Cluster 24,812.06
2014-08,Cluster 24,812.06
2014-09,Cluster 24,812.06
2014-10,Cluster 24,812.06
2014-11,Cluster 24,812.06
2014-12,Cluster 24,812.06
2015-01,Cluster 24,776.52
2015-02,Cluster 24,776.52
2015-03,Cluster 24,776.52
2015-04,Cluster 24,776.52
2015-05,Cluster 24,776.52
2015-06,Cluster 24,776.52
2015-07,Cluster 24,776.52
2015-08,Cluster 24,776.52
2015-09,Cluster 24,776.52
2015-10,Cluster 24,776.52
2015-11,Cluster 24,776.52
2015-12,Cluster 24,776.52
2011-01,Cluster 25,1321.38
2011-02,Cluster 25,1321.38
2011-03,Cluster 25,1321.38
2011-04,Cluster 25,1321.38
2011-05,Cluster 25,1321.38
2011-06,Cluster 25,1321.38
2011-07,Cluster 25,1321.38
2011-08,Cluster 25,1321.38
2011-09,Cluster 25,1321.38
2011-10,Cluster 25,1321.38
2011-11,Cluster 25,1321.38
2011-12,Cluster 25,1321.38
2012-01,Cluster 25,1357.81
2012-02,Cluster 25,1357.81
2012-03,Cluster 25,1357.81
2012-04,Cluster 25,1357.81
2012-05,Cluster 25,1357.81
2012-06,Cluster 25,1357.81
2012-07,Cluster 25,1357.81
2012-08,Cluster 25,1357.81
2012-09,Cluster 25,1357.81
2012-10,Cluster 25,1357.81
2012-11,Cluster 25,1357.81
2012-12,Cluster 25,1357.81
2013-01,Cluster 25,1467.55
2013-02,Cluster 25,1467.55
2013-03,Cluster 25,1467.55
2013-04,Cluster 25,1467.55
2013-05,Cluster 25,1467.55
2013-06,Cluster 25,1467.55
2013-07,Cluster 25,1467.55
2013-08,Cluster 25,1467.55
2013-09,Cluster 25,1467.55
2013-10,Cluster 25,1467.55
2013-11,Cluster 25,1467.55
2013-12,Cluster 25,1467.55
2014-01,Cluster 25,1515.14
2014-02,Cluster 25,1515.14
2014-03,Cluster 25,1515.14
2014-04,Cluster 25,1515.14
2014-05,Cluster 25,1515.14
2014-06,Cluster 25,1515.14
2014-07,Cluster 25,1515.14
2014-08,Cluster 25,1515.14
2014-09,Cluster 25,1515.14
2014-10,Cluster 25,1515.14
2014-11,Cluster 25,1515.14
2014-12,Cluster 25,1515.14
2015-01,Cluster 25,1694.3
2015-02,Cluster 25,1694.3
2015-03,Cluster 25,1694.3
2015-04,Cluster 25,1694.3
2015-05,Cluster 25,1694.3
2015-06,Cluster 25,1694.3
2015-07,Cluster 25,1694.3
2015-08,Cluster 25,1694.3
2015-09,Cluster 25,1694.3
2015-10,Cluster 25,1694.3
2015-11,Cluster 25,1694.3
2015-12,Cluster 25,1694.3
2011-01,Cluster 26,1341.69
2011-02,Cluster 26,1341.69
2011-03,Cluster 26,1341.69
2011-04,Cluster 26,1341.69
2011-05,Cluster 26,1341.69
2011-06,Cluster 26,1341.69
2011-07,Cluster 26,1341.69
2011-08,Cluster 26,1341.69
2011-09,Cluster 26,1341.69
2011-10,Cluster 26,1341.69
2011-11,Cluster 26,1341.69
2011-12,Cluster 26,1341.69
2012-01,Cluster 26,1363.44
2012-02,Cluster 26,1363.44
2012-03,Cluster 26,1363.44
2012-04,Cluster 26,1363.44
2012-05,Cluster 26,1363.44
2012-06,Cluster 26,1363.44
2012-07,Cluster 26,1363.44
2012-08,Cluster 26,1363.44
2012-09,Cluster 26,1363.44
2012-10,Cluster 26,1363.44
2012-11,Cluster 26,1363.44
2012-12,Cluster 26,1363.44
2013-01,Cluster 26,1406.56
2013-02,Cluster 26,1406.56
2013-03,Cluster 26,1406.56
2013-04,Cluster 26,1406.56
2013-05,Cluster 26,1406.56
2013-06,Cluster 26,1406.56
2013-07,Cluster 26,1406.56
2013-08,Cluster 26,1406.56
2013-09,Cluster 26,1406.56
2013-10,Cluster 26,1406.56
2013-11,Cluster 26,1406.56
2013-12,Cluster 26,1406.56
2014-01,Cluster 26,1437.73
2014-02,Cluster 26,1437.73
2014-03,Cluster 26,1437.73
2014-04,Cluster 26,1437.73
2014-05,Cluster 26,1437.73
2014-06,Cluster 26,1437.73
2014-07,Cluster 26,1437.73
2014-08,Cluster 26,1437.73
2014-09,Cluster 26,1437.73
2014-10,Cluster 26,1437.73
2014-11,Cluster 26,1437.73
2014-12,Cluster 26,1437.73
2015-01,Cluster 26,1420.89
2015-02,Cluster 26,1420.89
2015-03,Cluster 26,1420.89
2015-04,Cluster 26,1420.89
2015-05,Cluster 26,1420.89
2015-06,Cluster 26,1420.89
2015-07,Cluster 26,1420.89
2015-08,Cluster 26,1420.89
2015-09,Cluster 26,1420.89
2015-10,Cluster 26,1420.89
2015-11,Cluster 26,1420.89
2015-12,Cluster 26,1420.89
2011-01,Cluster 27,1001.71
2011-02,Cluster 27,1001.71
2011-03,Cluster 27,1001.71
2011-04,Cluster 27,1001.71
2011-05,Cluster 27,1001.71
2011-06,Cluster 27,1001.71
2011-07,Cluster 27,1001.71
2011-08,Cluster 27,1001.71
2011-09,Cluster 27,1001.71
2011-10,Cluster 27,1001.71
2011-11,Cluster 27,1001.71
2011-12,Cluster 27,1001.71
2012-01,Cluster 27,1056.09
2012-02,Cluster 27,1056.09
2012-03,Cluster 27,1056.09
2012-04,Cluster 27,1056.09
2012-05,Cluster 27,1056.09
2012-06,Cluster 27,1056.09
2012-07,Cluster 27,1056.09
2012-08,Cluster 27,1056.09
2012-09,Cluster 27,1056.09
2012-10,Cluster 27,1056.09
2012-11,Cluster 27,1056.09
2012-12,Cluster 27,1056.09
2013-01,Cluster 27,1166.44
2013-02,Cluster 27,1166.44
2013-03,Cluster 27,1166.44
2013-04,Cluster 27,1166.44
2013-05,Cluster 27,1166.44
2013-06,Cluster 27,1166.44
2013-07,Cluster 27,1166.44
2013-08,Cluster 27,1166.44
2013-09,Cluster 27,1166.44
2013-10,Cluster 27,1166.44
2013-11,Cluster 27,1166.44
2013-12,Cluster 27,1166.44
2014-01,Cluster 27,1220.36
2014-02,Cluster 27,1220.36
2014-03,Cluster 27,1220.36
2014-04,Cluster 27,1220.36
2014-05,Cluster 27,1220.36
2014-06,Cluster 27,1220.36
2014-07,Cluster 27,1220.36
2014-08,Cluster 27,1220.36
2014-09,Cluster 27,1220.36
2014-10,Cluster 27,1220.36
2014-11,Cluster 27,1220.36
2014-12,Cluster 27,1220.36
2015-01,Cluster 27,1256.6
2015-02,Cluster 27,1256.6
2015-03,Cluster 27,1256.6
2015-04,Cluster 27,1256.6
2015-05,Cluster 27,1256.6
2015-06,Cluster 27,1256.6
2015-07,Cluster 27,1256.6
2015-08,Cluster 27,1256.6
2015-09,Cluster 27,1256.6
2015-10,Cluster 27,1256.6
2015-11,Cluster 27,1256.6
2015-12,Cluster 27,1256.6
2011-01,Cluster 28,850.13
2011-02,Cluster 28,850.13
2011-03,Cluster 28,850.13
2011-04,Cluster 28,850.13
2011-05,Cluster 28,850.13
2011-06,Cluster 28,850.13
2011-07,Cluster 28,850.13
2011-08,Cluster 28,850.13
2011-09,Cluster 28,850.13
2011-10,Cluster 28,850.13
2011-11,Cluster 28,850.13
2011-12,Cluster 28,850.13
2012-01,Cluster 28,857.01
2012-02,Cluster 28,857.01
2012-03,Cluster 28,857.01
2012-04,Cluster 28,857.01
2012-05,Cluster 28,857.01
2012-06,Cluster 28,857.01
2012-07,Cluster 28,857.01
2012-08,Cluster 28,857.01
2012-09,Cluster 28,857.01
2012-10,Cluster 28,857.01
2012-11,Cluster 28,857.01
2012-12,Cluster 28,857.01
2013-01,Cluster 28,891.06
2013-02,Cluster 28,891.06
2013-03,Cluster 28,891.06
2013-04,Cluster 28,891.06
2013-05,Cluster 28,891.06
2013-06,Cluster 28,891.06
2013-07,Cluster 28,891.06
2013-08,Cluster 28,891.06
2013-09,Cluster 28,891.06
2013-10,Cluster 28,891.06
2013-11,Cluster 28,891.06
2013-12,Cluster 28,891.06
2014-01,Cluster 28,928.4
2014-02,Cluster 28,928.4
2014-03,Cluster 28,928.4
2014-04,Cluster 28,928.4
2014-05,Cluster 28,928.4
2014-06,Cluster 28,928.4
2014-07,Cluster 28,928.4
2014-08,Cluster 28,928.4
2014-09,Cluster 28,928.4
2014-10,Cluster 28,928.4
2014-11,Cluster 28,928.4
2014-12,Cluster 28,928.4
2015-01,Cluster 28,851.94
2015-02,Cluster 28,851.94
2015-03,Cluster 28,851.94
2015-04,Cluster 28,851.94
2015-05,Cluster 28,851.94
2015-06,Cluster 28,851.94
2015-07,Cluster 28,851.94
2015-08,Cluster 28,851.94
2015-09,Cluster 28,851.94
2015-10,Cluster 28,851.94
2015-11,Cluster 28,851.94
2015-12,Cluster 28,851.94
2011-01,Cluster 29,545.6
2011-02,Cluster 29,545.6
2011-03,Cluster 29,545.6
2011-04,Cluster 29,545.6
2011-05,Cluster 29,545.6
2011-06,Cluster 29,545.6
2011-07,Cluster 29,545.6
2011-08,Cluster 29,545.6
2011-09,Cluster 29,545.6
2011-10,Cluster 29,545.6
2011-11,Cluster 29,545.6
2011-12,Cluster 29,545.6
2012-01,Cluster 29,512.92
2012-02,Cluster 29,512.92
2012-03,Cluster 29,512.92
2012-04,Cluster 29,512.92
2012-05,Cluster 29,512.92
2012-06,Cluster 29,512.92
2012-07,Cluster 29,512.92
2012-08,Cluster 29,512.92
2012-09,Cluster 29,512.92
2012-10,Cluster 29,512.92
2012-11,Cluster 29,512.92
2012-12,Cluster 29,512.92
2013-01,Cluster 29,513.67
2013-02,Cluster 29,513.67
2013-03,Cluster 29,513.67
2013-04,Cluster 29,513.67
2013-05,Cluster 29,513.67
2013-06,Cluster 29,513.67
2013-07,Cluster 29,513.67
2013-08,Cluster 29,513.67
2013-09,Cluster 29,513.67
2013-10,Cluster 29,513.67
2013-11,Cluster 29,513.67
2013-12,Cluster 29,513.67
2014-01,Cluster 29,587.06
2014-02,Cluster 29,587.06
2014-03,Cluster 29,587.06
2014-04,Cluster 29,587.06
2014-05,Cluster 29,587.06
2014-06,Cluster 29,587.06
2014-07,Cluster 29,587.06
2014-08,Cluster 29,587.06
2014-09,Cluster 29,587.06
2014-10,Cluster 29,587.06
2014-11,Cluster 29,587.06
2014-12,Cluster 29,587.06
2015-01,Cluster 29,673.56
2015-02,Cluster 29,673.56
2015-03,Cluster 29,673.56
2015-04,Cluster 29,673.56
2015-05,Cluster 29,673.56
2015-06,Cluster 29,673.56
2015-07,Cluster 29,673.56
2015-08,Cluster 29,673.56
2015-09,Cluster 29,673.56
2015-10,Cluster 29,673.56
2015-11,Cluster 29,673.56
2015-12,Cluster 29,673.56
2011-01,Cluster 3,1170.16
2011-02,Cluster 3,1170.16
2011-03,Cluster 3,1170.16
2011-04,Cluster 3,1170.16
2011-05,Cluster 3,1170.16
2011-06,Cluster 3,1170.16
2011-07,Cluster 3,1170.16
2011-08,Cluster 3,1170.16
2011-09,Cluster 3,1170.16
2011-10,Cluster 3,1170.16
2011-11,Cluster 3,1170.16
2011-12,Cluster 3,1170.16
2012-01,Cluster 3,1191.41
2012-02,Cluster 3,1191.41
2012-03,Cluster 3,1191.41
2012-04,Cluster 3,1191.41
2012-05,Cluster 3,1191.41
2012-06,Cluster 3,1191.41
2012-07,Cluster 3,1191.41
2012-08,Cluster 3,1191.41
2012-09,Cluster 3,1191.41
2012-10,Cluster 3,1191.41
2012-11,Cluster 3,1191.41
2012-12,Cluster 3,1191.41
2013-01,Cluster 3,1201.54
2013-02,Cluster 3,1201.54
2013-03,Cluster 3,1201.54
2013-04,Cluster 3,1201.54
2013-05,Cluster 3,1201.54
2013-06,Cluster 3,1201.54
2013-07,Cluster 3,1201.54
2013-08,Cluster 3,1201.54
2013-09,Cluster 3,1201.54
2013-10,Cluster 3,1201.54
2013-11,Cluster 3,1201.54
2013-12,Cluster 3,1201.54
2014-01,Cluster 3,1320.92
2014-02,Cluster 3,1320.92
2014-03,Cluster 3,1320.92
2014-04,Cluster 3,1320.92
2014-05,Cluster 3,1320.92
2014-06,Cluster 3,1320.92
2014-07,Cluster 3,1320.92
2014-08,Cluster 3,1320.92
2014-09,Cluster 3,1320.92
2014-10,Cluster 3,1320.92
2014-11,Cluster 3,1320.92
2014-12,Cluster 3,1320.92
2015-01,Cluster 3,1360.97
2015-02,Cluster 3,1360.97
2015-03,Cluster 3,1360.97
2015-04,Cluster 3,1360.97
2015-05,Cluster 3,1360.97
2015-06,Cluster 3,1360.97
2015-07,Cluster 3,1360.97
2015-08,Cluster 3,1360.97
2015-09,Cluster 3,1360.97
2015-10,Cluster 3,1360.97
2015-11,Cluster 3,1360.97
2015-12,Cluster 3,1360.97
2011-01,Cluster 30,841.14
2011-02,Cluster 30,841.14
2011-03,Cluster 30,841.14
2011-04,Cluster 30,841.14
2011-05,Cluster 30,841.14
2011-06,Cluster 30,841.14
2011-07,Cluster 30,841.14
2011-08,Cluster 30,841.14
2011-09,Cluster 30,841.14
2011-10,Cluster 30,841.14
2011-11,Cluster 30,841.14
2011-12,Cluster 30,841.14
2012-01,Cluster 30,860.04
2012-02,Cluster 30,860.04
2012-03,Cluster 30,860.04
2012-04,Cluster 30,860.04
2012-05,Cluster 30,860.04
2012-06,Cluster 30,860.04
2012-07,Cluster 30,860.04
2012-08,Cluster 30,860.04
2012-09,Cluster 30,860.04
2012-10,Cluster 30,860.04
2012-11,Cluster 30,860.04
2012-12,Cluster 30,860.04
2013-01,Cluster 30,854.74
2013-02,Cluster 30,854.74
2013-03,Cluster 30,854.74
2013-04,Cluster 30,854.74
2013-05,Cluster 30,854.74
2013-06,Cluster 30,854.74
2013-07,Cluster 30,854.74
2013-08,Cluster 30,854.74
2013-09,Cluster 30,854.74
2013-10,Cluster 30,854.74
2013-11,Cluster 30,854.74
2013-12,Cluster 30,854.74
2014-01,Cluster 30,890.9
2014-02,Cluster 30,890.9
2014-03,Cluster 30,890.9
2014-04,Cluster 30,890.9
2014-05,Cluster 30,890.9
2014-06,Cluster 30,890.9
2014-07,Cluster 30,890.9
2014-08,Cluster 30,890.9
2014-09,Cluster 30,890.9
2014-10,Cluster 30,890.9
2014-11,Cluster 30,890.9
2014-12,Cluster 30,890.9
2015-01,Cluster 30,889.77
2015-02,Cluster 30,889.77
2015-03,Cluster 30,889.77
2015-04,Cluster 30,889.77
2015-05,Cluster 30,889.77
2015-06,Cluster 30,889.77
2015-07,Cluster 30,889.77
2015-08,Cluster 30,889.77
2015-09,Cluster 30,889.77
2015-10,Cluster 30,889.77
2015-11,Cluster 30,889.77
2015-12,Cluster 30,889.77
2011-01,Cluster 31,775.26
2011-02,Cluster 31,775.26
2011-03,Cluster 31,775.26
2011-04,Cluster 31,775.26
2011-05,Cluster 31,775.26
2011-06,Cluster 31,775.26
2011-07,Cluster 31,775.26
2011-08,Cluster 31,775.26
2011-09,Cluster 31,775.26
2011-10,Cluster 31,775.26
2011-11,Cluster 31,775.26
2011-12,Cluster 31,775.26
2012-01,Cluster 31,782.7
2012-02,Cluster 31,782.7
2012-03,Cluster 31,782.7
2012-04,Cluster 31,782.7
2012-05,Cluster 31,782.7
2012-06,Cluster 31,782.7
2012-07,Cluster 31,782.7
2012-08,Cluster 31,782.7
2012-09,Cluster 31,782.7
2012-10,Cluster 31,782.7
2012-11,Cluster 31,782.7
2012-12,Cluster 31,782.7
2013-01,Cluster 31,817.4
2013-02,Cluster 31,817.4
2013-03,Cluster 31,817.4
2013-04,Cluster 31,817.4
2013-05,Cluster 31,817.4
2013-06,Cluster 31,817.4
2013-07,Cluster 31,817.4
2013-08,Cluster 31,817.4
2013-09,Cluster 31,817.4
2013-10,Cluster 31,817.4
2013-11,Cluster 31,817.4
2013-12,Cluster 31,817.4
2014-01,Cluster 31,829.34
2014-02,Cluster 31,829.34
2014-03,Cluster 31,829.34
2014-04,Cluster 31,829.34
2014-05,Cluster 31,829.34
2014-06,Cluster 31,829.34
2014-07,Cluster 31,829.34
2014-08,Cluster 31,829.34
2014-09,Cluster 31,829.34
2014-10,Cluster 31,829.34
2014-11,Cluster 31,829.34
2014-12,Cluster 31,829.34
2015-01,Cluster 31,830.22
2015-02,Cluster 31,830.22
2015-03,Cluster 31,830.22
2015-04,Cluster 31,830.22
2015-05,Cluster 31,830.22
2015-06,Cluster 31,830.22
2015-07,Cluster 31,830.22
2015-08,Cluster 31,830.22
2015-09,Cluster 31,830.22
2015-10,Cluster 31,830.22
2015-11,Cluster 31,830.22
2015-12,Cluster 31,830.22
2011-01,Cluster 32,831.14
2011-02,Cluster 32,831.14
2011-03,Cluster 32,831.14
2011-04,Cluster 32,831.14
2011-05,Cluster 32,831.14
2011-06,Cluster 32,831.14
2011-07,Cluster 32,831.14
2011-08,Cluster 32,831.14
2011-09,Cluster 32,831.14
2011-10,Cluster 32,831.14
2011-11,Cluster 32,831.14
2011-12,Cluster 32,831.14
2012-01,Cluster 32,870.46
2012-02,Cluster 32,870.46
2012-03,Cluster 32,870.46
2012-04,Cluster 32,870.46
2012-05,Cluster 32,870.46
2012-06,Cluster 32,870.46
2012-07,Cluster 32,870.46
2012-08,Cluster 32,870.46
2012-09,Cluster 32,870.46
2012-10,Cluster 32,870.46
2012-11,Cluster 32,870.46
2012-12,Cluster 32,870.46
2013-01,Cluster 32,865.34
2013-02,Cluster 32,865.34
2013-03,Cluster 32,865.34
2013-04,Cluster 32,865.34
2013-05,Cluster 32,865.34
2013-06,Cluster 32,865.34
2013-07,Cluster 32,865.34
2013-08,Cluster 32,865.34
2013-09,Cluster 32,865.34
2013-10,Cluster 32,865.34
2013-11,Cluster 32,865.34
2013-12,Cluster 32,865.34
2014-01,Cluster 32,905.48
2014-02,Cluster 32,905.48
2014-03,Cluster 32,905.48
2014-04,Cluster 32,905.48
2014-05,Cluster 32,905.48
2014-06,Cluster 32,905.48
2014-07,Cluster 32,905.48
2014-08,Cluster 32,905.48
2014-09,Cluster 32,905.48
2014-10,Cluster 32,905.48
2014-11,Cluster 32,905.48
2014-12,Cluster 32,905.48
2015-01,Cluster 32,893.23
2015-02,Cluster 32,893.23
2015-03,Cluster 32,893.23
2015-04,Cluster 32,893.23
2015-05,Cluster 32,893.23
2015-06,Cluster 32,893.23
2015-07,Cluster 32,893.23
2015-08,Cluster 32,893.23
2015-09,Cluster 32,893.23
2015-10,Cluster 32,893.23
2015-11,Cluster 32,893.23
2015-12,Cluster 32,893.23
2011-01,Cluster 33,791.27
2011-02,Cluster 33,791.27
2011-03,Cluster 33,791.27
2011-04,Cluster 33,791.27
2011-05,Cluster 33,791.27
2011-06,Cluster 33,791.27
2011-07,Cluster 33,791.27
2011-08,Cluster 33,791.27
2011-09,Cluster 33,791.27
2011-10,Cluster 33,791.27
2011-11,Cluster 33,791.27
2011-12,Cluster 33,791.27
2012-01,Cluster 33,812.72
2012-02,Cluster 33,812.72
2012-03,Cluster 33,812.72
2012-04,Cluster 33,812.72
2012-05,Cluster 33,812.72
2012-06,Cluster 33,812.72
2012-07,Cluster 33,812.72
2012-08,Cluster 33,812.72
2012-09,Cluster 33,812.72
2012-10,Cluster 33,812.72
2012-11,Cluster 33,812.72
2012-12,Cluster 33,812.72
2013-01,Cluster 33,771.7
2013-02,Cluster 33,771.7
2013-03,Cluster 33,771.7
2013-04,Cluster 33,771.7
2013-05,Cluster 33,771.7
2013-06,Cluster 33,771.7
2013-07,Cluster 33,771.7
2013-08,Cluster 33,771.7
2013-09,Cluster 33,771.7
2013-10,Cluster 33,771.7
2013-11,Cluster 33,771.7
2013-12,Cluster 33,771.7
2014-01,Cluster 33,813.09
2014-02,Cluster 33,813.09
2014-03,Cluster 33,813.09
2014-04,Cluster 33,813.09
2014-05,Cluster 33,813.09
2014-06,Cluster 33,813.09
2014-07,Cluster 33,813.09
2014-08,Cluster 33,813.09
2014-09,Cluster 33,813.09
2014-10,Cluster 33,813.09
2014-11,Cluster 33,813.09
2014-12,Cluster 33,813.09
2015-01,Cluster 33,804.22
2015-02,Cluster 33,804.22
2015-03,Cluster 33,804.22
2015-04,Cluster 33,804.22
2015-05,Cluster 33,804.22
2015-06,Cluster 33,804.22
2015-07,Cluster 33,804.22
2015-08,Cluster 33,804.22
2015-09,Cluster 33,804.22
2015-10,Cluster 33,804.22
2015-11,Cluster 33,804.22
2015-12,Cluster 33,804.22
2011-01,Cluster 34,861.55
2011-02,Cluster 34,861.55
2011-03,Cluster 34,861.55
2011-04,Cluster 34,861.55
2011-05,Cluster 34,861.55
2011-06,Cluster 34,861.55
2011-07,Cluster 34,861.55
2011-08,Cluster 34,861.55
2011-09,Cluster 34,861.55
2011-10,Cluster 34,861.55
2011-11,Cluster 34,861.55
2011-12,Cluster 34,861.55
2012-01,Cluster 34,906.82
2012-02,Cluster 34,906.82
2012-03,Cluster 34,906.82
2012-04,Cluster 34,906.82
2012-05,Cluster 34,906.82
2012-06,Cluster 34,906.82
2012-07,Cluster 34,906.82
2012-08,Cluster 34,906.82
2012-09,Cluster 34,906.82
2012-10,Cluster 34,906.82
2012-11,Cluster 34,906.82
2012-12,Cluster 34,906.82
2013-01,Cluster 34,916.35
2013-02,Cluster 34,916.35
2013-03,Cluster 34,916.35
2013-04,Cluster 34,916.35
2013-05,Cluster 34,916.35
2013-06,Cluster 34,916.35
2013-07,Cluster 34,916.35
2013-08,Cluster 34,916.35
2013-09,Cluster 34,916.35
2013-10,Cluster 34,916.35
2013-11,Cluster 34,916.35
2013-12,Cluster 34,916.35
2014-01,Cluster 34,969.22
2014-02,Cluster 34,969.22
2014-03,Cluster 34,969.22
2014-04,Cluster 34,969.22
2014-05,Cluster 34,969.22
2014-06,Cluster 34,969.22
2014-07,Cluster 34,969.22
2014-08,Cluster 34,969.22
2014-09,Cluster 34,969.22
2014-10,Cluster 34,969.22
2014-11,Cluster 34,969.22
2014-12,Cluster 34,969.22
2015-01,Cluster 34,968.67
2015-02,Cluster 34,968.67
2015-03,Cluster 34,968.67
2015-04,Cluster 34,968.67
2015-05,Cluster 34,968.67
2015-06,Cluster 34,968.67
2015-07,Cluster 34,968.67
2015-08,Cluster 34,968.67
2015-09,Cluster 34,968.67
2015-10,Cluster 34,968.67
2015-11,Cluster 34,968.67
2015-12,Cluster 34,968.67
2011-01,Cluster 35,875.77
2011-02,Cluster 35,875.77
2011-03,Cluster 35,875.77
2011-04,Cluster 35,875.77
2011-05,Cluster 35,875.77
2011-06,Cluster 35,875.77
2011-07,Cluster 35,875.77
2011-08,Cluster 35,875.77
2011-09,Cluster 35,875.77
2011-10,Cluster 35,875.77
2011-11,Cluster 35,875.77
2011-12,Cluster 35,875.77
2012-01,Cluster 35,848.81
2012-02,Cluster 35,848.81
2012-03,Cluster 35,848.81
2012-04,Cluster 35,848.81
2012-05,Cluster 35,848.81
2012-06,Cluster 35,848.81
2012-07,Cluster 35,848.81
2012-08,Cluster 35,848.81
2012-09,Cluster 35,848.81
2012-10,Cluster 35,848.81
2012-11,Cluster 35,848.81
2012-12,Cluster 35,848.81
2013-01,Cluster 35,921.01
2013-02,Cluster 35,921.01
2013-03,Cluster 35,921.01
2013-04,Cluster 35,921.01
2013-05,Cluster 35,921.01
2013-06,Cluster 35,921.01
2013-07,Cluster 35,921.01
2013-08,Cluster 35,921.01
2013-09,Cluster 35,921.01
2013-10,Cluster 35,921.01
2013-11,Cluster 35,921.01
2013-12,Cluster 35,921.01
2014-01,Cluster 35,917.54
2014-02,Cluster 35,917.54
2014-03,Cluster 35,917.54
2014-04,Cluster 35,917.54
2014-05,Cluster 35,917.54
2014-06,Cluster 35,917.54
2014-07,Cluster 35,917.54
2014-08,Cluster 35,917.54
2014-09,Cluster 35,917.54
2014-10,Cluster 35,917.54
2014-11,Cluster 35,917.54
2014-12,Cluster 35,917.54
2015-01,Cluster 35,959.58
2015-02,Cluster 35,959.58
2015-03,Cluster 35,959.58
2015-04,Cluster 35,959.58
2015-05,Cluster 35,959.58
2015-06,Cluster 35,959.58
2015-07,Cluster 35,959.58
2015-08,Cluster 35,959.58
2015-09,Cluster 35,959.58
2015-10,Cluster 35,959.58
2015-11,Cluster 35,959.58
2015-12,Cluster 35,959.58
2011-01,Cluster 36,759.8
2011-02,Cluster 36,759.8
2011-03,Cluster 36,759.8
2011-04,Cluster 36,759.8
2011-05,Cluster 36,759.8
2011-06,Cluster 36,759.8
2011-07,Cluster 36,759.8
2011-08,Cluster 36,759.8
2011-09,Cluster 36,759.8
2011-10,Cluster 36,759.8
2011-11,Cluster 36,759.8
2011-12,Cluster 36,759.8
2012-01,Cluster 36,791.2
2012-02,Cluster 36,791.2
2012-03,Cluster 36,791.2
2012-04,Cluster 36,791.2
2012-05,Cluster 36,791.2
2012-06,Cluster 36,791.2
2012-07,Cluster 36,791.2
2012-08,Cluster 36,791.2
2012-09,Cluster 36,791.2
2012-10,Cluster 36,791.2
2012-11,Cluster 36,791.2
2012-12,Cluster 36,791.2
2013-01,Cluster 36,849.28
2013-02,Cluster 36,849.28
2013-03,Cluster 36,849.28
2013-04,Cluster 36,849.28
2013-05,Cluster 36,849.28
2013-06,Cluster 36,849.28
2013-07,Cluster 36,849.28
2013-08,Cluster 36,849.28
2013-09,Cluster 36,849.28
2013-10,Cluster 36,849.28
2013-11,Cluster 36,849.28
2013-12,Cluster 36,849.28
2014-01,Cluster 36,871.14
2014-02,Cluster 36,871.14
2014-03,Cluster 36,871.14
2014-04,Cluster 36,871.14
2014-05,Cluster 36,871.14
2014-06,Cluster 36,871.14
2014-07,Cluster 36,871.14
2014-08,Cluster 36,871.14
2014-09,Cluster 36,871.14
2014-10,Cluster 36,871.14
2014-11,Cluster 36,871.14
2014-12,Cluster 36,871.14
2015-01,Cluster 36,870.55
2015-02,Cluster 36,870.55
2015-03,Cluster 36,870.55
2015-04,Cluster 36,870.55
2015-05,Cluster 36,870.55
2015-06,Cluster 36,870.55
2015-07,Cluster 36,870.55
2015-08,Cluster 36,870.55
2015-09,Cluster 36,870.55
2015-10,Cluster 36,870.55
2015-11,Cluster 36,870.55
2015-12,Cluster 36,870.55
2011-01,Cluster 37,815.36
2011-02,Cluster 37,815.36
2011-03,Cluster 37,815.36
2011-04,Cluster 37,815.36
2011-05,Cluster 37,815.36
2011-06,Cluster 37,815.36
2011-07,Cluster 37,815.36
2011-08,Cluster 37,815.36
2011-09,Cluster 37,815.36
2011-10,Cluster 37,815.36
2011-11,Cluster 37,815.36
2011-12,Cluster 37,815.36
2012-01,Cluster 37,873.25
2012-02,Cluster 37,873.25
2012-03,Cluster 37,873.25
2012-04,Cluster 37,873.25
2012-05,Cluster 37,873.25
2012-06,Cluster 37,873.25
2012-07,Cluster 37,873.25
2012-08,Cluster 37,873.25
2012-09,Cluster 37,873.25
2012-10,Cluster 37,873.25
2012-11,Cluster 37,873.25
2012-12,Cluster 37,873.25
2013-01,Cluster 37,887.51
2013-02,Cluster 37,887.51
2013-03,Cluster 37,887.51
2013-04,Cluster 37,887.51
2013-05,Cluster 37,887.51
2013-06,Cluster 37,887.51
2013-07,Cluster 37,887.51
2013-08,Cluster 37,887.51
2013-09,Cluster 37,887.51
2013-10,Cluster 37,887.51
2013-11,Cluster 37,887.51
2013-12,Cluster 37,887.51
2014-01,Cluster 37,907.6
2014-02,Cluster 37,907.6
2014-03,Cluster 37,907.6
2014-04,Cluster 37,907.6
2014-05,Cluster 37,907.6
2014-06,Cluster 37,907.6
2014-07,Cluster 37,907.6
2014-08,Cluster 37,907.6
2014-09,Cluster 37,907.6
2014-10,Cluster 37,907.6
2014-11,Cluster 37,907.6
2014-12,Cluster 37,907.6
2015-01,Cluster 37,976.82
2015-02,Cluster 37,976.82
2015-03,Cluster 37,976.82
2015-04,Cluster 37,976.82
2015-05,Cluster 37,976.82
2015-06,Cluster 37,976.82
2015-07,Cluster 37,976.82
2015-08,Cluster 37,976.82
2015-09,Cluster 37,976.82
2015-10,Cluster 37,976.82
2015-11,Cluster 37,976.82
2015-12,Cluster 37,976.82
2011-01,Cluster 38,767.31
2011-02,Cluster 38,767.31
2011-03,Cluster 38,767.31
2011-04,Cluster 38,767.31
2011-05,Cluster 38,767.31
2011-06,Cluster 38,767.31
2011-07,Cluster 38,767.31
2011-08,Cluster 38,767.31
2011-09,Cluster 38,767.31
2011-10,Cluster 38,767.31
2011-11,Cluster 38,767.31
2011-12,Cluster 38,767.31
2012-01,Cluster 38,790.85
2012-02,Cluster 38,790.85
2012-03,Cluster 38,790.85
2012-04,Cluster 38,790.85
2012-05,Cluster 38,790.85
2012-06,Cluster 38,790.85
2012-07,Cluster 38,790.85
2012-08,Cluster 38,790.85
2012-09,Cluster 38,790.85
2012-10,Cluster 38,790.85
2012-11,Cluster 38,790.85
2012-12,Cluster 38,790.85
2013-01,Cluster 38,860.02
2013-02,Cluster 38,860.02
2013-03,Cluster 38,860.02
2013-04,Cluster 38,860.02
2013-05,Cluster 38,860.02
2013-06,Cluster 38,860.02
2013-07,Cluster 38,860.02
2013-08,Cluster 38,860.02
2013-09,Cluster 38,860.02
2013-10,Cluster 38,860.02
2013-11,Cluster 38,860.02
2013-12,Cluster 38,860.02
2014-01,Cluster 38,892.88
2014-02,Cluster 38,892.88
2014-03,Cluster 38,892.88
2014-04,Cluster 38,892.88
2014-05,Cluster 38,892.88
2014-06,Cluster 38,892.88
2014-07,Cluster 38,892.88
2014-08,Cluster 38,892.88
2014-09,Cluster 38,892.88
2014-10,Cluster 38,892.88
2014-11,Cluster 38,892.88
2014-12,Cluster 38,892.88
2015-01,Cluster 38,916.53
2015-02,Cluster 38,916.53
2015-03,Cluster 38,916.53
2015-04,Cluster 38,916.53
2015-05,Cluster 38,916.53
2015-06,Cluster 38,916.53
2015-07,Cluster 38,916.53
2015-08,Cluster 38,916.53
2015-09,Cluster 38,916.53
2015-10,Cluster 38,916.53
2015-11,Cluster 38,916.53
2015-12,Cluster 38,916.53
2011-01,Cluster 39,740.43
2011-02,Cluster 39,740.43
2011-03,Cluster 39,740.43
2011-04,Cluster 39,740.43
2011-05,Cluster 39,740.43
2011-06,Cluster 39,740.43
2011-07,Cluster 39,740.43
2011-08,Cluster 39,740.43
2011-09,Cluster 39,740.43
2011-10,Cluster 39,740.43
2011-11,Cluster 39,740.43
2011-12,Cluster 39,740.43
2012-01,Cluster 39,809.01
2012-02,Cluster 39,809.01
2012-03,Cluster 39,809.01
2012-04,Cluster 39,809.01
2012-05,Cluster 39,809.01
2012-06,Cluster 39,809.01
2012-07,Cluster 39,809.01
2012-08,Cluster 39,809.01
2012-09,Cluster 39,809.01
2012-10,Cluster 39,809.01
2012-11,Cluster 39,809.01
2012-12,Cluster 39,809.01
2013-01,Cluster 39,824.66
2013-02,Cluster 39,824.66
2013-03,Cluster 39,824.66
2013-04,Cluster 39,824.66
2013-05,Cluster 39,824.66
2013-06,Cluster 39,824.66
2013-07,Cluster 39,824.66
2013-08,Cluster 39,824.66
2013-09,Cluster 39,824.66
2013-10,Cluster 39,824.66
2013-11,Cluster 39,824.66
2013-12,Cluster 39,824.66
2014-01,Cluster 39,850.14
2014-02,Cluster 39,850.14
2014-03,Cluster 39,850.14
2014-04,Cluster 39,850.14
2014-05,Cluster 39,850.14
2014-06,Cluster 39,850.14
2014-07,Cluster 39,850.14
2014-08,Cluster 39,850.14
2014-09,Cluster 39,850.14
2014-10,Cluster 39,850.14
2014-11,Cluster 39,850.14
2014-12,Cluster 39,850.14
2015-01,Cluster 39,842.63
2015-02,Cluster 39,842.63
2015-03,Cluster 39,842.63
2015-04,Cluster 39,842.63
2015-05,Cluster 39,842.63
2015-06,Cluster 39,842.63
2015-07,Cluster 39,842.63
2015-08,Cluster 39,842.63
2015-09,Cluster 39,842.63
2015-10,Cluster 39,842.63
2015-11,Cluster 39,842.63
2015-12,Cluster 39,842.63
2011-01,Cluster 4,1710.83
2011-02,Cluster 4,1710.83
2011-03,Cluster 4,1710.83
2011-04,Cluster 4,1710.83
2011-05,Cluster 4,1710.83
2011-06,Cluster 4,1710.83
2011-07,Cluster 4,1710.83
2011-08,Cluster 4,1710.83
2011-09,Cluster 4,1710.83
2011-10,Cluster 4,1710.83
2011-11,Cluster 4,1710.83
2011-12,Cluster 4,1710.83
2012-01,Cluster 4,1725.63
2012-02,Cluster 4,1725.63
2012-03,Cluster 4,1725.63
2012-04,Cluster 4,1725.63
2012-05,Cluster 4,1725.63
2012-06,Cluster 4,1725.63
2012-07,Cluster 4,1725.63
2012-08,Cluster 4,1725.63
2012-09,Cluster 4,1725.63
2012-10,Cluster 4,1725.63
2012-11,Cluster 4,1725.63
2012-12,Cluster 4,1725.63
2013-01,Cluster 4,1712.55
2013-02,Cluster 4,1712.55
2013-03,Cluster 4,1712.55
2013-04,Cluster 4,1712.55
2013-05,Cluster 4,1712.55
2013-06,Cluster 4,1712.55
2013-07,Cluster 4,1712.55
2013-08,Cluster 4,1712.55
2013-09,Cluster 4,1712.55
2013-10,Cluster 4,1712.55
2013-11,Cluster 4,1712.55
2013-12,Cluster 4,1712.55
2014-01,Cluster 4,1731.75
2014-02,Cluster 4,1731.75
2014-03,Cluster 4,1731.75
2014-04,Cluster 4,1731.75
2014-05,Cluster 4,1731.75
2014-06,Cluster 4,1731.75
2014-07,Cluster 4,1731.75
2014-08,Cluster 4,1731.75
2014-09,Cluster 4,1731.75
2014-10,Cluster 4,1731.75
2014-11,Cluster 4,1731.75
2014-12,Cluster 4,1731.75
2015-01,Cluster 4,2204.45
2015-02,Cluster 4,2204.45
2015-03,Cluster 4,2204.45
2015-04,Cluster 4,2204.45
2015-05,Cluster 4,2204.45
2015-06,Cluster 4,2204.45
2015-07,Cluster 4,2204.45
2015-08,Cluster 4,2204.45
2015-09,Cluster 4,2204.45
2015-10,Cluster 4,2204.45
2015-11,Cluster 4,2204.45
2015-12,Cluster 4,2204.45
2011-01,Cluster 40,1058.79
2011-02,Cluster 40,1058.79
2011-03,Cluster 40,1058.79
2011-04,Cluster 40,1058.79
2011-05,Cluster 40,1058.79
2011-06,Cluster 40,1058.79
2011-07,Cluster 40,1058.79
2011-08,Cluster 40,1058.79
2011-09,Cluster 40,1058.79
2011-10,Cluster 40,1058.79
2011-11,Cluster 40,1058.79
2011-12,Cluster 40,1058.79
2012-01,Cluster 40,1038.55
2012-02,Cluster 40,1038.55
2012-03,Cluster 40,1038.55
2012-04,Cluster 40,1038.55
2012-05,Cluster 40,1038.55
2012-06,Cluster 40,1038.55
2012-07,Cluster 40,1038.55
2012-08,Cluster 40,1038.55
2012-09,Cluster 40,1038.55
2012-10,Cluster 40,1038.55
2012-11,Cluster 40,1038.55
2012-12,Cluster 40,1038.55
2013-01,Cluster 40,1029.03
2013-02,Cluster 40,1029.03
2013-03,Cluster 40,1029.03
2013-04,Cluster 40,1029.03
2013-05,Cluster 40,1029.03
2013-06,Cluster 40,1029.03
2013-07,Cluster 40,1029.03
2013-08,Cluster 40,1029.03
2013-09,Cluster 40,1029.03
2013-10,Cluster 40,1029.03
2013-11,Cluster 40,1029.03
2013-12,Cluster 40,1029.03
2014-01,Cluster 40,1077.64
2014-02,Cluster 40,1077.64
2014-03,Cluster 40,1077.64
2014-04,Cluster 40,1077.64
2014-05,Cluster 40,1077.64
2014-06,Cluster 40,1077.64
2014-07,Cluster 40,1077.64
2014-08,Cluster 40,1077.64
2014-09,Cluster 40,1077.64
2014-10,Cluster 40,1077.64
2014-11,Cluster 40,1077.64
2014-12,Cluster 40,1077.64
2015-01,Cluster 40,1238.08
2015-02,Cluster 40,1238.08
2015-03,Cluster 40,1238.08
2015-04,Cluster 40,1238.08
2015-05,Cluster 40,1238.08
2015-06,Cluster 40,1238.08
2015-07,Cluster 40,1238.08
2015-08,Cluster 40,1238.08
2015-09,Cluster 40,1238.08
2015-10,Cluster 40,1238.08
2015-11,Cluster 40,1238.08
2015-12,Cluster 40,1238.08
2011-01,Cluster 41,1246.44
2011-02,Cluster 41,1246.44
2011-03,Cluster 41,1246.44
2011-04,Cluster 41,1246.44
2011-05,Cluster 41,1246.44
2011-06,Cluster 41,1246.44
2011-07,Cluster 41,1246.44
2011-08,Cluster 41,1246.44
2011-09,Cluster 41,1246.44
2011-10,Cluster 41,1246.44
2011-11,Cluster 41,1246.44
2011-12,Cluster 41,1246.44
2012-01,Cluster 41,1278.3
2012-02,Cluster 41,1278.3
2012-03,Cluster 41,1278.3
2012-04,Cluster 41,1278.3
2012-05,Cluster 41,1278.3
2012-06,Cluster 41,1278.3
2012-07,Cluster 41,1278.3
2012-08,Cluster 41,1278.3
2012-09,Cluster 41,1278.3
2012-10,Cluster 41,1278.3
2012-11,Cluster 41,1278.3
2012-12,Cluster 41,1278.3
2013-01,Cluster 41,1306.81
2013-02,Cluster 41,1306.81
2013-03,Cluster 41,1306.81
2013-04,Cluster 41,1306.81
2013-05,Cluster 41,1306.81
2013-06,Cluster 41,1306.81
2013-07,Cluster 41,1306.81
2013-08,Cluster 41,1306.81
2013-09,Cluster 41,1306.81
2013-10,Cluster 41,1306.81
2013-11,Cluster 41,1306.81
2013-12,Cluster 41,1306.81
2014-01,Cluster 41,1359.87
2014-02,Cluster 41,1359.87
2014-03,Cluster 41,1359.87
2014-04,Cluster 41,1359.87
2014-05,Cluster 41,1359.87
2014-06,Cluster 41,1359.87
2014-07,Cluster 41,1359.87
2014-08,Cluster 41,1359.87
2014-09,Cluster 41,1359.87
2014-10,Cluster 41,1359.87
2014-11,Cluster 41,1359.87
2014-12,Cluster 41,1359.87
2015-01,Cluster 41,1404.87
2015-02,Cluster 41,1404.87
2015-03,Cluster 41,1404.87
2015-04,Cluster 41,1404.87
2015-05,Cluster 41,1404.87
2015-06,Cluster 41,1404.87
2015-07,Cluster 41,1404.87
2015-08,Cluster 41,1404.87
2015-09,Cluster 41,1404.87
2015-10,Cluster 41,1404.87
2015-11,Cluster 41,1404.87
2015-12,Cluster 41,1404.87
2011-01,Cluster 42,1393.15
2011-02,Cluster 42,1393.15
2011-03,Cluster 42,1393.15
2011-04,Cluster 42,1393.15
2011-05,Cluster 42,1393.15
2011-06,Cluster 42,1393.15
2011-07,Cluster 42,1393.15
2011-08,Cluster 42,1393.15
2011-09,Cluster 42,1393.15
2011-10,Cluster 42,1393.15
2011-11,Cluster 42,1393.15
2011-12,Cluster 42,1393.15
2012-01,Cluster 42,1579.92
2012-02,Cluster 42,1579.92
2012-03,Cluster 42,1579.92
2012-04,Cluster 42,1579.92
2012-05,Cluster 42,1579.92
2012-06,Cluster 42,1579.92
2012-07,Cluster 42,1579.92
2012-08,Cluster 42,1579.92
2012-09,Cluster 42,1579.92
2012-10,Cluster 42,1579.92
2012-11,Cluster 42,1579.92
2012-12,Cluster 42,1579.92
2013-01,Cluster 42,1882.61
2013-02,Cluster 42,1882.61
2013-03,Cluster 42,1882.61
2013-04,Cluster 42,1882.61
2013-05,Cluster 42,1882.61
2013-06,Cluster 42,1882.61
2013-07,Cluster 42,1882.61
2013-08,Cluster 42,1882.61
2013-09,Cluster 42,1882.61
2013-10,Cluster 42,1882.61
2013-11,Cluster 42,1882.61
2013-12,Cluster 42,1882.61
2014-01,Cluster 42,1825.41
2014-02,Cluster 42,1825.41
2014-03,Cluster 42,1825.41
2014-04,Cluster 42,1825.41
2014-05,Cluster 42,1825.41
2014-06,Cluster 42,1825.41
2014-07,Cluster 42,1825.41
2014-08,Cluster 42,1825.41
2014-09,Cluster 42,1825.41
2014-10,Cluster 42,1825.41
2014-11,Cluster 42,1825.41
2014-12,Cluster 42,1825.41
2015-01,Cluster 42,2050
2015-02,Cluster 42,2050
2015-03,Cluster 42,2050
2015-04,Cluster 42,2050
2015-05,Cluster 42,2050
2015-06,Cluster 42,2050
2015-07,Cluster 42,2050
2015-08,Cluster 42,2050
2015-09,Cluster 42,2050
2015-10,Cluster 42,2050
2015-11,Cluster 42,2050
2015-12,Cluster 42,2050
2011-01,Cluster 43,832.49
2011-02,Cluster 43,832.49
2011-03,Cluster 43,832.49
2011-04,Cluster 43,832.49
2011-05,Cluster 43,832.49
2011-06,Cluster 43,832.49
2011-07,Cluster 43,832.49
2011-08,Cluster 43,832.49
2011-09,Cluster 43,832.49
2011-10,Cluster 43,832.49
2011-11,Cluster 43,832.49
2011-12,Cluster 43,832.49
2012-01,Cluster 43,809.02
2012-02,Cluster 43,809.02
2012-03,Cluster 43,809.02
2012-04,Cluster 43,809.02
2012-05,Cluster 43,809.02
2012-06,Cluster 43,809.02
2012-07,Cluster 43,809.02
2012-08,Cluster 43,809.02
2012-09,Cluster 43,809.02
2012-10,Cluster 43,809.02
2012-11,Cluster 43,809.02
2012-12,Cluster 43,809.02
2013-01,Cluster 43,846.98
2013-02,Cluster 43,846.98
2013-03,Cluster 43,846.98
2013-04,Cluster 43,846.98
2013-05,Cluster 43,846.98
2013-06,Cluster 43,846.98
2013-07,Cluster 43,846.98
2013-08,Cluster 43,846.98
2013-09,Cluster 43,846.98
2013-10,Cluster 43,846.98
2013-11,Cluster 43,846.98
2013-12,Cluster 43,846.98
2014-01,Cluster 43,843.8
2014-02,Cluster 43,843.8
2014-03,Cluster 43,843.8
2014-04,Cluster 43,843.8
2014-05,Cluster 43,843.8
2014-06,Cluster 43,843.8
2014-07,Cluster 43,843.8
2014-08,Cluster 43,843.8
2014-09,Cluster 43,843.8
2014-10,Cluster 43,843.8
2014-11,Cluster 43,843.8
2014-12,Cluster 43,843.8
2015-01,Cluster 43,837.11
2015-02,Cluster 43,837.11
2015-03,Cluster 43,837.11
2015-04,Cluster 43,837.11
2015-05,Cluster 43,837.11
2015-06,Cluster 43,837.11
2015-07,Cluster 43,837.11
2015-08,Cluster 43,837.11
2015-09,Cluster 43,837.11
2015-10,Cluster 43,837.11
2015-11,Cluster 43,837.11
2015-12,Cluster 43,837.11
2011-01,Cluster 44,1346.42
2011-02,Cluster 44,1346.42
2011-03,Cluster 44,1346.42
2011-04,Cluster 44,1346.42
2011-05,Cluster 44,1346.42
2011-06,Cluster 44,1346.42
2011-07,Cluster 44,1346.42
2011-08,Cluster 44,1346.42
2011-09,Cluster 44,1346.42
2011-10,Cluster 44,1346.42
2011-11,Cluster 44,1346.42
2011-12,Cluster 44,1346.42
2012-01,Cluster 44,1368.54
2012-02,Cluster 44,1368.54
2012-03,Cluster 44,1368.54
2012-04,Cluster 44,1368.54
2012-05,Cluster 44,1368.54
2012-06,Cluster 44,1368.54
2012-07,Cluster 44,1368.54
2012-08,Cluster 44,1368.54
2012-09,Cluster 44,1368.54
2012-10,Cluster 44,1368.54
2012-11,Cluster 44,1368.54
2012-12,Cluster 44,1368.54
2013-01,Cluster 44,1383.06
2013-02,Cluster 44,1383.06
2013-03,Cluster 44,1383.06
2013-04,Cluster 44,1383.06
2013-05,Cluster 44,1383.06
2013-06,Cluster 44,1383.06
2013-07,Cluster 44,1383.06
2013-08,Cluster 44,1383.06
2013-09,Cluster 44,1383.06
2013-10,Cluster 44,1383.06
2013-11,Cluster 44,1383.06
2013-12,Cluster 44,1383.06
2014-01,Cluster 44,1401.59
2014-02,Cluster 44,1401.59
2014-03,Cluster 44,1401.59
2014-04,Cluster 44,1401.59
2014-05,Cluster 44,1401.59
2014-06,Cluster 44,1401.59
2014-07,Cluster 44,1401.59
2014-08,Cluster 44,1401.59
2014-09,Cluster 44,1401.59
2014-10,Cluster 44,1401.59
2014-11,Cluster 44,1401.59
2014-12,Cluster 44,1401.59
2015-01,Cluster 44,1590.66
2015-02,Cluster 44,1590.66
2015-03,Cluster 44,1590.66
2015-04,Cluster 44,1590.66
2015-05,Cluster 44,1590.66
2015-06,Cluster 44,1590.66
2015-07,Cluster 44,1590.66
2015-08,Cluster 44,1590.66
2015-09,Cluster 44,1590.66
2015-10,Cluster 44,1590.66
2015-11,Cluster 44,1590.66
2015-12,Cluster 44,1590.66
2011-01,Cluster 45,0
2011-02,Cluster 45,0
2011-03,Cluster 45,0
2011-04,Cluster 45,0
2011-05,Cluster 45,0
2011-06,Cluster 45,0
2011-07,Cluster 45,0
2011-08,Cluster 45,0
2011-09,Cluster 45,0
2011-10,Cluster 45,0
2011-11,Cluster 45,0
2011-12,Cluster 45,0
2012-01,Cluster 45,0
2012-02,Cluster 45,0
2012-03,Cluster 45,0
2012-04,Cluster 45,0
2012-05,Cluster 45,0
2012-06,Cluster 45,0
2012-07,Cluster 45,0
2012-08,Cluster 45,0
2012-09,Cluster 45,0
2012-10,Cluster 45,0
2012-11,Cluster 45,0
2012-12,Cluster 45,0
2013-01,Cluster 45,0
2013-02,Cluster 45,0
2013-03,Cluster 45,0
2013-04,Cluster 45,0
2013-05,Cluster 45,0
2013-06,Cluster 45,0
2013-07,Cluster 45,0
2013-08,Cluster 45,0
2013-09,Cluster 45,0
2013-10,Cluster 45,0
2013-11,Cluster 45,0
2013-12,Cluster 45,0
2014-01,Cluster 45,0
2014-02,Cluster 45,0
2014-03,Cluster 45,0
2014-04,Cluster 45,0
2014-05,Cluster 45,0
2014-06,Cluster 45,0
2014-07,Cluster 45,0
2014-08,Cluster 45,0
2014-09,Cluster 45,0
2014-10,Cluster 45,0
2014-11,Cluster 45,0
2014-12,Cluster 45,0
2015-01,Cluster 45,1500
2015-02,Cluster 45,1500
2015-03,Cluster 45,1500
2015-04,Cluster 45,1500
2015-05,Cluster 45,1500
2015-06,Cluster 45,1500
2015-07,Cluster 45,1500
2015-08,Cluster 45,1500
2015-09,Cluster 45,1500
2015-10,Cluster 45,1500
2015-11,Cluster 45,1500
2015-12,Cluster 45,1500
2011-01,Cluster 46,0
2011-02,Cluster 46,0
2011-03,Cluster 46,0
2011-04,Cluster 46,0
2011-05,Cluster 46,0
2011-06,Cluster 46,0
2011-07,Cluster 46,0
2011-08,Cluster 46,0
2011-09,Cluster 46,0
2011-10,Cluster 46,0
2011-11,Cluster 46,0
2011-12,Cluster 46,0
2012-01,Cluster 46,0
2012-02,Cluster 46,0
2012-03,Cluster 46,0
2012-04,Cluster 46,0
2012-05,Cluster 46,0
2012-06,Cluster 46,0
2012-07,Cluster 46,0
2012-08,Cluster 46,0
2012-09,Cluster 46,0
2012-10,Cluster 46,0
2012-11,Cluster 46,0
2012-12,Cluster 46,0
2013-01,Cluster 46,0
2013-02,Cluster 46,0
2013-03,Cluster 46,0
2013-04,Cluster 46,0
2013-05,Cluster 46,0
2013-06,Cluster 46,0
2013-07,Cluster 46,0
2013-08,Cluster 46,0
2013-09,Cluster 46,0
2013-10,Cluster 46,0
2013-11,Cluster 46,0
2013-12,Cluster 46,0
2014-01,Cluster 46,0
2014-02,Cluster 46,0
2014-03,Cluster 46,0
2014-04,Cluster 46,0
2014-05,Cluster 46,0
2014-06,Cluster 46,0
2014-07,Cluster 46,0
2014-08,Cluster 46,0
2014-09,Cluster 46,0
2014-10,Cluster 46,0
2014-11,Cluster 46,0
2014-12,Cluster 46,0
2015-01,Cluster 46,0
2015-02,Cluster 46,0
2015-03,Cluster 46,0
2015-04,Cluster 46,0
2015-05,Cluster 46,0
2015-06,Cluster 46,0
2015-07,Cluster 46,0
2015-08,Cluster 46,0
2015-09,Cluster 46,0
2015-10,Cluster 46,0
2015-11,Cluster 46,0
2015-12,Cluster 46,0
2011-01,Cluster 5,1294.73
2011-02,Cluster 5,1294.73
2011-03,Cluster 5,1294.73
2011-04,Cluster 5,1294.73
2011-05,Cluster 5,1294.73
2011-06,Cluster 5,1294.73
2011-07,Cluster 5,1294.73
2011-08,Cluster 5,1294.73
2011-09,Cluster 5,1294.73
2011-10,Cluster 5,1294.73
2011-11,Cluster 5,1294.73
2011-12,Cluster 5,1294.73
2012-01,Cluster 5,1372.89
2012-02,Cluster 5,1372.89
2012-03,Cluster 5,1372.89
2012-04,Cluster 5,1372.89
2012-05,Cluster 5,1372.89
2012-06,Cluster 5,1372.89
2012-07,Cluster 5,1372.89
2012-08,Cluster 5,1372.89
2012-09,Cluster 5,1372.89
2012-10,Cluster 5,1372.89
2012-11,Cluster 5,1372.89
2012-12,Cluster 5,1372.89
2013-01,Cluster 5,1467.5
2013-02,Cluster 5,1467.5
2013-03,Cluster 5,1467.5
2013-04,Cluster 5,1467.5
2013-05,Cluster 5,1467.5
2013-06,Cluster 5,1467.5
2013-07,Cluster 5,1467.5
2013-08,Cluster 5,1467.5
2013-09,Cluster 5,1467.5
2013-10,Cluster 5,1467.5
2013-11,Cluster 5,1467.5
2013-12,Cluster 5,1467.5
2014-01,Cluster 5,1529.58
2014-02,Cluster 5,1529.58
2014-03,Cluster 5,1529.58
2014-04,Cluster 5,1529.58
2014-05,Cluster 5,1529.58
2014-06,Cluster 5,1529.58
2014-07,Cluster 5,1529.58
2014-08,Cluster 5,1529.58
2014-09,Cluster 5,1529.58
2014-10,Cluster 5,1529.58
2014-11,Cluster 5,1529.58
2014-12,Cluster 5,1529.58
2015-01,Cluster 5,1581.65
2015-02,Cluster 5,1581.65
2015-03,Cluster 5,1581.65
2015-04,Cluster 5,1581.65
2015-05,Cluster 5,1581.65
2015-06,Cluster 5,1581.65
2015-07,Cluster 5,1581.65
2015-08,Cluster 5,1581.65
2015-09,Cluster 5,1581.65
2015-10,Cluster 5,1581.65
2015-11,Cluster 5,1581.65
2015-12,Cluster 5,1581.65
2011-01,Cluster 6,1436.48
2011-02,Cluster 6,1436.48
2011-03,Cluster 6,1436.48
2011-04,Cluster 6,1436.48
2011-05,Cluster 6,1436.48
2011-06,Cluster 6,1436.48
2011-07,Cluster 6,1436.48
2011-08,Cluster 6,1436.48
2011-09,Cluster 6,1436.48
2011-10,Cluster 6,1436.48
2011-11,Cluster 6,1436.48
2011-12,Cluster 6,1436.48
2012-01,Cluster 6,1492.47
2012-02,Cluster 6,1492.47
2012-03,Cluster 6,1492.47
2012-04,Cluster 6,1492.47
2012-05,Cluster 6,1492.47
2012-06,Cluster 6,1492.47
2012-07,Cluster 6,1492.47
2012-08,Cluster 6,1492.47
2012-09,Cluster 6,1492.47
2012-10,Cluster 6,1492.47
2012-11,Cluster 6,1492.47
2012-12,Cluster 6,1492.47
2013-01,Cluster 6,1512.71
2013-02,Cluster 6,1512.71
2013-03,Cluster 6,1512.71
2013-04,Cluster 6,1512.71
2013-05,Cluster 6,1512.71
2013-06,Cluster 6,1512.71
2013-07,Cluster 6,1512.71
2013-08,Cluster 6,1512.71
2013-09,Cluster 6,1512.71
2013-10,Cluster 6,1512.71
2013-11,Cluster 6,1512.71
2013-12,Cluster 6,1512.71
2014-01,Cluster 6,1569.64
2014-02,Cluster 6,1569.64
2014-03,Cluster 6,1569.64
2014-04,Cluster 6,1569.64
2014-05,Cluster 6,1569.64
2014-06,Cluster 6,1569.64
2014-07,Cluster 6,1569.64
2014-08,Cluster 6,1569.64
2014-09,Cluster 6,1569.64
2014-10,Cluster 6,1569.64
2014-11,Cluster 6,1569.64
2014-12,Cluster 6,1569.64
2015-01,Cluster 6,1624.83
2015-02,Cluster 6,1624.83
2015-03,Cluster 6,1624.83
2015-04,Cluster 6,1624.83
2015-05,Cluster 6,1624.83
2015-06,Cluster 6,1624.83
2015-07,Cluster 6,1624.83
2015-08,Cluster 6,1624.83
2015-09,Cluster 6,1624.83
2015-10,Cluster 6,1624.83
2015-11,Cluster 6,1624.83
2015-12,Cluster 6,1624.83
2011-01,Cluster 7,1102.23
2011-02,Cluster 7,1102.23
2011-03,Cluster 7,1102.23
2011-04,Cluster 7,1102.23
2011-05,Cluster 7,1102.23
2011-06,Cluster 7,1102.23
2011-07,Cluster 7,1102.23
2011-08,Cluster 7,1102.23
2011-09,Cluster 7,1102.23
2011-10,Cluster 7,1102.23
2011-11,Cluster 7,1102.23
2011-12,Cluster 7,1102.23
2012-01,Cluster 7,1161.62
2012-02,Cluster 7,1161.62
2012-03,Cluster 7,1161.62
2012-04,Cluster 7,1161.62
2012-05,Cluster 7,1161.62
2012-06,Cluster 7,1161.62
2012-07,Cluster 7,1161.62
2012-08,Cluster 7,1161.62
2012-09,Cluster 7,1161.62
2012-10,Cluster 7,1161.62
2012-11,Cluster 7,1161.62
2012-12,Cluster 7,1161.62
2013-01,Cluster 7,1224.79
2013-02,Cluster 7,1224.79
2013-03,Cluster 7,1224.79
2013-04,Cluster 7,1224.79
2013-05,Cluster 7,1224.79
2013-06,Cluster 7,1224.79
2013-07,Cluster 7,1224.79
2013-08,Cluster 7,1224.79
2013-09,Cluster 7,1224.79
2013-10,Cluster 7,1224.79
2013-11,Cluster 7,1224.79
2013-12,Cluster 7,1224.79
2014-01,Cluster 7,1270.02
2014-02,Cluster 7,1270.02
2014-03,Cluster 7,1270.02
2014-04,Cluster 7,1270.02
2014-05,Cluster 7,1270.02
2014-06,Cluster 7,1270.02
2014-07,Cluster 7,1270.02
2014-08,Cluster 7,1270.02
2014-09,Cluster 7,1270.02
2014-10,Cluster 7,1270.02
2014-11,Cluster 7,1270.02
2014-12,Cluster 7,1270.02
2015-01,Cluster 7,1304.09
2015-02,Cluster 7,1304.09
2015-03,Cluster 7,1304.09
2015-04,Cluster 7,1304.09
2015-05,Cluster 7,1304.09
2015-06,Cluster 7,1304.09
2015-07,Cluster 7,1304.09
2015-08,Cluster 7,1304.09
2015-09,Cluster 7,1304.09
2015-10,Cluster 7,1304.09
2015-11,Cluster 7,1304.09
2015-12,Cluster 7,1304.09
2011-01,Cluster 8,1290.13
2011-02,Cluster 8,1290.13
2011-03,Cluster 8,1290.13
2011-04,Cluster 8,1290.13
2011-05,Cluster 8,1290.13
2011-06,Cluster 8,1290.13
2011-07,Cluster 8,1290.13
2011-08,Cluster 8,1290.13
2011-09,Cluster 8,1290.13
2011-10,Cluster 8,1290.13
2011-11,Cluster 8,1290.13
2011-12,Cluster 8,1290.13
2012-01,Cluster 8,1399.27
2012-02,Cluster 8,1399.27
2012-03,Cluster 8,1399.27
2012-04,Cluster 8,1399.27
2012-05,Cluster 8,1399.27
2012-06,Cluster 8,1399.27
2012-07,Cluster 8,1399.27
2012-08,Cluster 8,1399.27
2012-09,Cluster 8,1399.27
2012-10,Cluster 8,1399.27
2012-11,Cluster 8,1399.27
2012-12,Cluster 8,1399.27
2013-01,Cluster 8,1451.74
2013-02,Cluster 8,1451.74
2013-03,Cluster 8,1451.74
2013-04,Cluster 8,1451.74
2013-05,Cluster 8,1451.74
2013-06,Cluster 8,1451.74
2013-07,Cluster 8,1451.74
2013-08,Cluster 8,1451.74
2013-09,Cluster 8,1451.74
2013-10,Cluster 8,1451.74
2013-11,Cluster 8,1451.74
2013-12,Cluster 8,1451.74
2014-01,Cluster 8,1497.97
2014-02,Cluster 8,1497.97
2014-03,Cluster 8,1497.97
2014-04,Cluster 8,1497.97
2014-05,Cluster 8,1497.97
2014-06,Cluster 8,1497.97
2014-07,Cluster 8,1497.97
2014-08,Cluster 8,1497.97
2014-09,Cluster 8,1497.97
2014-10,Cluster 8,1497.97
2014-11,Cluster 8,1497.97
2014-12,Cluster 8,1497.97
2015-01,Cluster 8,1659.19
2015-02,Cluster 8,1659.19
2015-03,Cluster 8,1659.19
2015-04,Cluster 8,1659.19
2015-05,Cluster 8,1659.19
2015-06,Cluster 8,1659.19
2015-07,Cluster 8,1659.19
2015-08,Cluster 8,1659.19
2015-09,Cluster 8,1659.19
2015-10,Cluster 8,1659.19
2015-11,Cluster 8,1659.19
2015-12,Cluster 8,1659.19
2011-01,Cluster 9,1152.94
2011-02,Cluster 9,1152.94
2011-03,Cluster 9,1152.94
2011-04,Cluster 9,1152.94
2011-05,Cluster 9,1152.94
2011-06,Cluster 9,1152.94
2011-07,Cluster 9,1152.94
2011-08,Cluster 9,1152.94
2011-09,Cluster 9,1152.94
2011-10,Cluster 9,1152.94
2011-11,Cluster 9,1152.94
2011-12,Cluster 9,1152.94
2012-01,Cluster 9,1186.26
2012-02,Cluster 9,1186.26
2012-03,Cluster 9,1186.26
2012-04,Cluster 9,1186.26
2012-05,Cluster 9,1186.26
2012-06,Cluster 9,1186.26
2012-07,Cluster 9,1186.26
2012-08,Cluster 9,1186.26
2012-09,Cluster 9,1186.26
2012-10,Cluster 9,1186.26
2012-11,Cluster 9,1186.26
2012-12,Cluster 9,1186.26
2013-01,Cluster 9,1253.35
2013-02,Cluster 9,1253.35
2013-03,Cluster 9,1253.35
2013-04,Cluster 9,1253.35
2013-05,Cluster 9,1253.35
2013-06,Cluster 9,1253.35
2013-07,Cluster 9,1253.35
2013-08,Cluster 9,1253.35
2013-09,Cluster 9,1253.35
2013-10,Cluster 9,1253.35
2013-11,Cluster 9,1253.35
2013-12,Cluster 9,1253.35
2014-01,Cluster 9,1315.7
2014-02,Cluster 9,1315.7
2014-03,Cluster 9,1315.7
2014-04,Cluster 9,1315.7
2014-05,Cluster 9,1315.7
2014-06,Cluster 9,1315.7
2014-07,Cluster 9,1315.7
2014-08,Cluster 9,1315.7
2014-09,Cluster 9,1315.7
2014-10,Cluster 9,1315.7
2014-11,Cluster 9,1315.7
2014-12,Cluster 9,1315.7
2015-01,Cluster 9,1380.83
2015-02,Cluster 9,1380.83
2015-03,Cluster 9,1380.83
2015-04,Cluster 9,1380.83
2015-05,Cluster 9,1380.83
2015-06,Cluster 9,1380.83
2015-07,Cluster 9,1380.83
2015-08,Cluster 9,1380.83
2015-09,Cluster 9,1380.83
2015-10,Cluster 9,1380.83
2015-11,Cluster 9,1380.83
2015-12,Cluster 9,1380.83
