period,cluster,MedianPriceAsked
2011-01,Cluster 1,3076200
2011-02,Cluster 1,3042000
2011-03,Cluster 1,3036800
2011-04,Cluster 1,3066100
2011-05,Cluster 1,3098900
2011-06,Cluster 1,3118600
2011-07,Cluster 1,3122400
2011-08,Cluster 1,3111600
2011-09,Cluster 1,3096900
2011-10,Cluster 1,3083400
2011-11,Cluster 1,3075500
2011-12,Cluster 1,3084000
2012-01,Cluster 1,3122000
2012-02,Cluster 1,3149400
2012-03,Cluster 1,3145400
2012-04,Cluster 1,3123400
2012-05,Cluster 1,3110600
2012-06,Cluster 1,3103500
2012-07,Cluster 1,3123600
2012-08,Cluster 1,3165200
2012-09,Cluster 1,3190900
2012-10,Cluster 1,3196500
2012-11,Cluster 1,3190900
2012-12,Cluster 1,3193300
2013-01,Cluster 1,3203800
2013-02,Cluster 1,3226500
2013-03,Cluster 1,3234400
2013-04,Cluster 1,3222100
2013-05,Cluster 1,3199400
2013-06,Cluster 1,3198600
2013-07,Cluster 1,3211000
2013-08,Cluster 1,3233100
2013-09,Cluster 1,3271500
2013-10,Cluster 1,3312000
2013-11,Cluster 1,3331600
2013-12,Cluster 1,3325100
2014-01,Cluster 1,3327100
2014-02,Cluster 1,3345200
2014-03,Cluster 1,3372100
2014-04,Cluster 1,3405900
2014-05,Cluster 1,3421900
2014-06,Cluster 1,3421800
2014-07,Cluster 1,3422900
2014-08,Cluster 1,3440100
2014-09,Cluster 1,3449300
2014-10,Cluster 1,3454600
2014-11,Cluster 1,3461600
2014-12,Cluster 1,3477200
2015-01,Cluster 1,3475100
2015-02,Cluster 1,3470600
2015-03,Cluster 1,3492000
2015-04,Cluster 1,3520600
2015-05,Cluster 1,3545500
2015-06,Cluster 1,3561000
2015-07,Cluster 1,3567500
2015-08,Cluster 1,3563200
2015-09,Cluster 1,3587200
2015-10,Cluster 1,3634600
2015-11,Cluster 1,3654700
2015-12,Cluster 1,3637700
2011-01,Cluster 10,828300
2011-02,Cluster 10,821900
2011-03,Cluster 10,823500
2011-04,Cluster 10,826600
2011-05,Cluster 10,827200
2011-06,Cluster 10,827100
2011-07,Cluster 10,828000
2011-08,Cluster 10,828700
2011-09,Cluster 10,830100
2011-10,Cluster 10,831700
2011-11,Cluster 10,831700
2011-12,Cluster 10,831500
2012-01,Cluster 10,832300
2012-02,Cluster 10,834700
2012-03,Cluster 10,836300
2012-04,Cluster 10,838900
2012-05,Cluster 10,842400
2012-06,Cluster 10,845600
2012-07,Cluster 10,847900
2012-08,Cluster 10,851000
2012-09,Cluster 10,851900
2012-10,Cluster 10,852300
2012-11,Cluster 10,853200
2012-12,Cluster 10,855200
2013-01,Cluster 10,857800
2013-02,Cluster 10,861500
2013-03,Cluster 10,865300
2013-04,Cluster 10,868500
2013-05,Cluster 10,874200
2013-06,Cluster 10,881700
2013-07,Cluster 10,887900
2013-08,Cluster 10,892100
2013-09,Cluster 10,898000
2013-10,Cluster 10,903300
2013-11,Cluster 10,905600
2013-12,Cluster 10,906100
2014-01,Cluster 10,906900
2014-02,Cluster 10,908400
2014-03,Cluster 10,909600
2014-04,Cluster 10,913400
2014-05,Cluster 10,920300
2014-06,Cluster 10,925200
2014-07,Cluster 10,926300
2014-08,Cluster 10,928800
2014-09,Cluster 10,933300
2014-10,Cluster 10,937900
2014-11,Cluster 10,940300
2014-12,Cluster 10,940300
2015-01,Cluster 10,940700
2015-02,Cluster 10,943800
2015-03,Cluster 10,949400
2015-04,Cluster 10,961100
2015-05,Cluster 10,976100
2015-06,Cluster 10,990300
2015-07,Cluster 10,1004200
2015-08,Cluster 10,1014000
2015-09,Cluster 10,1015600
2015-10,Cluster 10,1013900
2015-11,Cluster 10,1019000
2015-12,Cluster 10,1030800
2011-01,Cluster 11,811500
2011-02,Cluster 11,804800
2011-03,Cluster 11,805600
2011-04,Cluster 11,807300
2011-05,Cluster 11,806500
2011-06,Cluster 11,804900
2011-07,Cluster 11,804400
2011-08,Cluster 11,803100
2011-09,Cluster 11,802600
2011-10,Cluster 11,800500
2011-11,Cluster 11,798700
2011-12,Cluster 11,800400
2012-01,Cluster 11,805000
2012-02,Cluster 11,808200
2012-03,Cluster 11,809400
2012-04,Cluster 11,811000
2012-05,Cluster 11,814600
2012-06,Cluster 11,818800
2012-07,Cluster 11,822600
2012-08,Cluster 11,826700
2012-09,Cluster 11,829100
2012-10,Cluster 11,830200
2012-11,Cluster 11,829800
2012-12,Cluster 11,828600
2013-01,Cluster 11,829800
2013-02,Cluster 11,834700
2013-03,Cluster 11,838900
2013-04,Cluster 11,840800
2013-05,Cluster 11,844900
2013-06,Cluster 11,849700
2013-07,Cluster 11,853900
2013-08,Cluster 11,857900
2013-09,Cluster 11,864000
2013-10,Cluster 11,871400
2013-11,Cluster 11,878800
2013-12,Cluster 11,885000
2014-01,Cluster 11,889700
2014-02,Cluster 11,893500
2014-03,Cluster 11,895100
2014-04,Cluster 11,896800
2014-05,Cluster 11,898000
2014-06,Cluster 11,899600
2014-07,Cluster 11,900300
2014-08,Cluster 11,901000
2014-09,Cluster 11,901000
2014-10,Cluster 11,903300
2014-11,Cluster 11,907100
2014-12,Cluster 11,910200
2015-01,Cluster 11,911300
2015-02,Cluster 11,913400
2015-03,Cluster 11,917000
2015-04,Cluster 11,923100
2015-05,Cluster 11,931000
2015-06,Cluster 11,940200
2015-07,Cluster 11,948800
2015-08,Cluster 11,953900
2015-09,Cluster 11,957200
2015-10,Cluster 11,961900
2015-11,Cluster 11,965500
2015-12,Cluster 11,966000
2011-01,Cluster 12,796400
2011-02,Cluster 12,790500
2011-03,Cluster 12,793300
2011-04,Cluster 12,797300
2011-05,Cluster 12,797800
2011-06,Cluster 12,796800
2011-07,Cluster 12,796000
2011-08,Cluster 12,794300
2011-09,Cluster 12,794400
2011-10,Cluster 12,793300
2011-11,Cluster 12,791700
2011-12,Cluster 12,792500
2012-01,Cluster 12,794900
2012-02,Cluster 12,797200
2012-03,Cluster 12,800300
2012-04,Cluster 12,802500
2012-05,Cluster 12,804700
2012-06,Cluster 12,807700
2012-07,Cluster 12,813300
2012-08,Cluster 12,820600
2012-09,Cluster 12,822500
2012-10,Cluster 12,820500
2012-11,Cluster 12,819600
2012-12,Cluster 12,820000
2013-01,Cluster 12,822200
2013-02,Cluster 12,825900
2013-03,Cluster 12,825900
2013-04,Cluster 12,824700
2013-05,Cluster 12,830200
2013-06,Cluster 12,837100
2013-07,Cluster 12,841200
2013-08,Cluster 12,843800
2013-09,Cluster 12,850400
2013-10,Cluster 12,859600
2013-11,Cluster 12,868200
2013-12,Cluster 12,873400
2014-01,Cluster 12,876500
2014-02,Cluster 12,879800
2014-03,Cluster 12,882600
2014-04,Cluster 12,887500
2014-05,Cluster 12,891500
2014-06,Cluster 12,895100
2014-07,Cluster 12,897300
2014-08,Cluster 12,898000
2014-09,Cluster 12,896300
2014-10,Cluster 12,898600
2014-11,Cluster 12,902800
2014-12,Cluster 12,904900
2015-01,Cluster 12,907800
2015-02,Cluster 12,915400
2015-03,Cluster 12,922900
2015-04,Cluster 12,929300
2015-05,Cluster 12,937600
2015-06,Cluster 12,948800
2015-07,Cluster 12,958800
2015-08,Cluster 12,963100
2015-09,Cluster 12,964500
2015-10,Cluster 12,969300
2015-11,Cluster 12,974900
2015-12,Cluster 12,980400
2011-01,Cluster 13,1001400
2011-02,Cluster 13,990400
2011-03,Cluster 13,987000
2011-04,Cluster 13,986600
2011-05,Cluster 13,983200
2011-06,Cluster 13,983000
2011-07,Cluster 13,984900
2011-08,Cluster 13,985000
2011-09,Cluster 13,989400
2011-10,Cluster 13,994000
2011-11,Cluster 13,994200
2011-12,Cluster 13,998700
2012-01,Cluster 13,1005400
2012-02,Cluster 13,1005400
2012-03,Cluster 13,1000300
2012-04,Cluster 13,992100
2012-05,Cluster 13,988400
2012-06,Cluster 13,988300
2012-07,Cluster 13,990300
2012-08,Cluster 13,993600
2012-09,Cluster 13,997000
2012-10,Cluster 13,994500
2012-11,Cluster 13,991700
2012-12,Cluster 13,992100
2013-01,Cluster 13,990400
2013-02,Cluster 13,985200
2013-03,Cluster 13,985800
2013-04,Cluster 13,998200
2013-05,Cluster 13,1008000
2013-06,Cluster 13,1009500
2013-07,Cluster 13,1013700
2013-08,Cluster 13,1020000
2013-09,Cluster 13,1027200
2013-10,Cluster 13,1040900
2013-11,Cluster 13,1057300
2013-12,Cluster 13,1070800
2014-01,Cluster 13,1081300
2014-02,Cluster 13,1089400
2014-03,Cluster 13,1092900
2014-04,Cluster 13,1093400
2014-05,Cluster 13,1092300
2014-06,Cluster 13,1097400
2014-07,Cluster 13,1105300
2014-08,Cluster 13,1112300
2014-09,Cluster 13,1117900
2014-10,Cluster 13,1125400
2014-11,Cluster 13,1128200
2014-12,Cluster 13,1126700
2015-01,Cluster 13,1133000
2015-02,Cluster 13,1149700
2015-03,Cluster 13,1167600
2015-04,Cluster 13,1185400
2015-05,Cluster 13,1204700
2015-06,Cluster 13,1222800
2015-07,Cluster 13,1236600
2015-08,Cluster 13,1239800
2015-09,Cluster 13,1242600
2015-10,Cluster 13,1254300
2015-11,Cluster 13,1263000
2015-12,Cluster 13,1257800
2011-01,Cluster 14,1011100
2011-02,Cluster 14,997100
2011-03,Cluster 14,996000
2011-04,Cluster 14,998500
2011-05,Cluster 14,995600
2011-06,Cluster 14,988100
2011-07,Cluster 14,986600
2011-08,Cluster 14,989400
2011-09,Cluster 14,995000
2011-10,Cluster 14,997900
2011-11,Cluster 14,1000200
2011-12,Cluster 14,1004100
2012-01,Cluster 14,1005300
2012-02,Cluster 14,1000100
2012-03,Cluster 14,995900
2012-04,Cluster 14,995100
2012-05,Cluster 14,1001900
2012-06,Cluster 14,1017400
2012-07,Cluster 14,1031400
2012-08,Cluster 14,1035500
2012-09,Cluster 14,1038600
2012-10,Cluster 14,1040600
2012-11,Cluster 14,1037300
2012-12,Cluster 14,1039800
2013-01,Cluster 14,1049200
2013-02,Cluster 14,1055200
2013-03,Cluster 14,1057500
2013-04,Cluster 14,1053500
2013-05,Cluster 14,1053200
2013-06,Cluster 14,1068600
2013-07,Cluster 14,1088200
2013-08,Cluster 14,1097400
2013-09,Cluster 14,1108200
2013-10,Cluster 14,1121500
2013-11,Cluster 14,1133600
2013-12,Cluster 14,1141000
2014-01,Cluster 14,1144000
2014-02,Cluster 14,1149100
2014-03,Cluster 14,1155700
2014-04,Cluster 14,1160900
2014-05,Cluster 14,1168600
2014-06,Cluster 14,1184200
2014-07,Cluster 14,1200800
2014-08,Cluster 14,1210400
2014-09,Cluster 14,1209300
2014-10,Cluster 14,1206800
2014-11,Cluster 14,1208800
2014-12,Cluster 14,1208400
2015-01,Cluster 14,1207100
2015-02,Cluster 14,1217000
2015-03,Cluster 14,1238400
2015-04,Cluster 14,1257600
2015-05,Cluster 14,1262100
2015-06,Cluster 14,1254400
2015-07,Cluster 14,1248300
2015-08,Cluster 14,1239500
2015-09,Cluster 14,1228600
2015-10,Cluster 14,1227800
2015-11,Cluster 14,1233800
2015-12,Cluster 14,1231900
2011-01,Cluster 15,1286100
2011-02,Cluster 15,1272600
2011-03,Cluster 15,1269400
2011-04,Cluster 15,1270700
2011-05,Cluster 15,1272200
2011-06,Cluster 15,1268000
2011-07,Cluster 15,1269900
2011-08,Cluster 15,1280200
2011-09,Cluster 15,1287000
2011-10,Cluster 15,1286900
2011-11,Cluster 15,1286500
2011-12,Cluster 15,1282500
2012-01,Cluster 15,1272400
2012-02,Cluster 15,1260500
2012-03,Cluster 15,1257600
2012-04,Cluster 15,1260300
2012-05,Cluster 15,1265200
2012-06,Cluster 15,1273300
2012-07,Cluster 15,1283500
2012-08,Cluster 15,1290300
2012-09,Cluster 15,1291700
2012-10,Cluster 15,1291400
2012-11,Cluster 15,1294800
2012-12,Cluster 15,1298400
2013-01,Cluster 15,1298400
2013-02,Cluster 15,1303200
2013-03,Cluster 15,1312800
2013-04,Cluster 15,1321000
2013-05,Cluster 15,1323000
2013-06,Cluster 15,1325200
2013-07,Cluster 15,1328800
2013-08,Cluster 15,1333200
2013-09,Cluster 15,1338000
2013-10,Cluster 15,1346200
2013-11,Cluster 15,1352100
2013-12,Cluster 15,1353000
2014-01,Cluster 15,1354100
2014-02,Cluster 15,1358500
2014-03,Cluster 15,1361700
2014-04,Cluster 15,1365400
2014-05,Cluster 15,1371400
2014-06,Cluster 15,1380500
2014-07,Cluster 15,1394200
2014-08,Cluster 15,1409400
2014-09,Cluster 15,1417000
2014-10,Cluster 15,1425700
2014-11,Cluster 15,1437700
2014-12,Cluster 15,1441500
2015-01,Cluster 15,1433300
2015-02,Cluster 15,1426700
2015-03,Cluster 15,1424500
2015-04,Cluster 15,1427100
2015-05,Cluster 15,1439900
2015-06,Cluster 15,1456900
2015-07,Cluster 15,1469100
2015-08,Cluster 15,1474700
2015-09,Cluster 15,1485100
2015-10,Cluster 15,1496300
2015-11,Cluster 15,1504800
2015-12,Cluster 15,1509900
2011-01,Cluster 16,699800
2011-02,Cluster 16,693100
2011-03,Cluster 16,694200
2011-04,Cluster 16,697700
2011-05,Cluster 16,703800
2011-06,Cluster 16,712500
2011-07,Cluster 16,720900
2011-08,Cluster 16,727100
2011-09,Cluster 16,734300
2011-10,Cluster 16,737400
2011-11,Cluster 16,737500
2011-12,Cluster 16,739600
2012-01,Cluster 16,743000
2012-02,Cluster 16,744200
2012-03,Cluster 16,742500
2012-04,Cluster 16,736700
2012-05,Cluster 16,732700
2012-06,Cluster 16,734600
2012-07,Cluster 16,739300
2012-08,Cluster 16,741400
2012-09,Cluster 16,744200
2012-10,Cluster 16,749800
2012-11,Cluster 16,755500
2012-12,Cluster 16,756600
2013-01,Cluster 16,757700
2013-02,Cluster 16,761600
2013-03,Cluster 16,765500
2013-04,Cluster 16,767200
2013-05,Cluster 16,772600
2013-06,Cluster 16,781400
2013-07,Cluster 16,791600
2013-08,Cluster 16,803000
2013-09,Cluster 16,813900
2013-10,Cluster 16,822000
2013-11,Cluster 16,828800
2013-12,Cluster 16,834500
2014-01,Cluster 16,837500
2014-02,Cluster 16,842300
2014-03,Cluster 16,851700
2014-04,Cluster 16,860400
2014-05,Cluster 16,864900
2014-06,Cluster 16,871700
2014-07,Cluster 16,880600
2014-08,Cluster 16,884400
2014-09,Cluster 16,881500
2014-10,Cluster 16,877800
2014-11,Cluster 16,874300
2014-12,Cluster 16,869500
2015-01,Cluster 16,867000
2015-02,Cluster 16,865500
2015-03,Cluster 16,862400
2015-04,Cluster 16,862000
2015-05,Cluster 16,864600
2015-06,Cluster 16,860000
2015-07,Cluster 16,855100
2015-08,Cluster 16,854700
2015-09,Cluster 16,859200
2015-10,Cluster 16,866500
2015-11,Cluster 16,878200
2015-12,Cluster 16,887000
2011-01,Cluster 17,457100
2011-02,Cluster 17,446400
2011-03,Cluster 17,445300
2011-04,Cluster 17,441700
2011-05,Cluster 17,431200
2011-06,Cluster 17,421200
2011-07,Cluster 17,418000
2011-08,Cluster 17,417900
2011-09,Cluster 17,416100
2011-10,Cluster 17,413400
2011-11,Cluster 17,413400
2011-12,Cluster 17,414900
2012-01,Cluster 17,416800
2012-02,Cluster 17,418600
2012-03,Cluster 17,421200
2012-04,Cluster 17,425700
2012-05,Cluster 17,433800
2012-06,Cluster 17,443700
2012-07,Cluster 17,452200
2012-08,Cluster 17,457800
2012-09,Cluster 17,460700
2012-10,Cluster 17,463900
2012-11,Cluster 17,467700
2012-12,Cluster 17,469500
2013-01,Cluster 17,470100
2013-02,Cluster 17,472100
2013-03,Cluster 17,473600
2013-04,Cluster 17,475400
2013-05,Cluster 17,479700
2013-06,Cluster 17,483700
2013-07,Cluster 17,487100
2013-08,Cluster 17,491400
2013-09,Cluster 17,499300
2013-10,Cluster 17,510300
2013-11,Cluster 17,525300
2013-12,Cluster 17,539200
2014-01,Cluster 17,549500
2014-02,Cluster 17,558100
2014-03,Cluster 17,566200
2014-04,Cluster 17,570100
2014-05,Cluster 17,570800
2014-06,Cluster 17,575800
2014-07,Cluster 17,581700
2014-08,Cluster 17,583400
2014-09,Cluster 17,583400
2014-10,Cluster 17,586100
2014-11,Cluster 17,589600
2014-12,Cluster 17,590400
2015-01,Cluster 17,587400
2015-02,Cluster 17,584600
2015-03,Cluster 17,585300
2015-04,Cluster 17,587100
2015-05,Cluster 17,590800
2015-06,Cluster 17,597400
2015-07,Cluster 17,601400
2015-08,Cluster 17,605800
2015-09,Cluster 17,613500
2015-10,Cluster 17,621200
2015-11,Cluster 17,626700
2015-12,Cluster 17,631800
2011-01,Cluster 18,372700
2011-02,Cluster 18,367700
2011-03,Cluster 18,367200
2011-04,Cluster 18,368200
2011-05,Cluster 18,368600
2011-06,Cluster 18,367500
2011-07,Cluster 18,368300
2011-08,Cluster 18,369600
2011-09,Cluster 18,371800
2011-10,Cluster 18,373600
2011-11,Cluster 18,375800
2011-12,Cluster 18,378700
2012-01,Cluster 18,381400
2012-02,Cluster 18,382400
2012-03,Cluster 18,383300
2012-04,Cluster 18,384200
2012-05,Cluster 18,385000
2012-06,Cluster 18,387000
2012-07,Cluster 18,391300
2012-08,Cluster 18,398400
2012-09,Cluster 18,405300
2012-10,Cluster 18,409800
2012-11,Cluster 18,412300
2012-12,Cluster 18,414800
2013-01,Cluster 18,417400
2013-02,Cluster 18,422400
2013-03,Cluster 18,428200
2013-04,Cluster 18,433300
2013-05,Cluster 18,438600
2013-06,Cluster 18,444900
2013-07,Cluster 18,449600
2013-08,Cluster 18,451900
2013-09,Cluster 18,454400
2013-10,Cluster 18,460900
2013-11,Cluster 18,472400
2013-12,Cluster 18,483300
2014-01,Cluster 18,490000
2014-02,Cluster 18,497300
2014-03,Cluster 18,507100
2014-04,Cluster 18,515900
2014-05,Cluster 18,522300
2014-06,Cluster 18,526800
2014-07,Cluster 18,530100
2014-08,Cluster 18,534100
2014-09,Cluster 18,535200
2014-10,Cluster 18,534100
2014-11,Cluster 18,532800
2014-12,Cluster 18,531800
2015-01,Cluster 18,533600
2015-02,Cluster 18,539100
2015-03,Cluster 18,545400
2015-04,Cluster 18,555700
2015-05,Cluster 18,572600
2015-06,Cluster 18,594200
2015-07,Cluster 18,612000
2015-08,Cluster 18,624100
2015-09,Cluster 18,635800
2015-10,Cluster 18,647900
2015-11,Cluster 18,654200
2015-12,Cluster 18,655600
2011-01,Cluster 19,243400
2011-02,Cluster 19,240900
2011-03,Cluster 19,241500
2011-04,Cluster 19,242900
2011-05,Cluster 19,243600
2011-06,Cluster 19,243800
2011-07,Cluster 19,243500
2011-08,Cluster 19,242400
2011-09,Cluster 19,241800
2011-10,Cluster 19,241600
2011-11,Cluster 19,241600
2011-12,Cluster 19,241900
2012-01,Cluster 19,242000
2012-02,Cluster 19,242100
2012-03,Cluster 19,242300
2012-04,Cluster 19,242000
2012-05,Cluster 19,241600
2012-06,Cluster 19,242700
2012-07,Cluster 19,244700
2012-08,Cluster 19,247200
2012-09,Cluster 19,248800
2012-10,Cluster 19,250200
2012-11,Cluster 19,252000
2012-12,Cluster 19,254800
2013-01,Cluster 19,257200
2013-02,Cluster 19,259200
2013-03,Cluster 19,260400
2013-04,Cluster 19,261600
2013-05,Cluster 19,263700
2013-06,Cluster 19,266600
2013-07,Cluster 19,270200
2013-08,Cluster 19,274900
2013-09,Cluster 19,279600
2013-10,Cluster 19,283400
2013-11,Cluster 19,285900
2013-12,Cluster 19,287800
2014-01,Cluster 19,291100
2014-02,Cluster 19,296400
2014-03,Cluster 19,302000
2014-04,Cluster 19,306700
2014-05,Cluster 19,310100
2014-06,Cluster 19,313500
2014-07,Cluster 19,317400
2014-08,Cluster 19,320400
2014-09,Cluster 19,323000
2014-10,Cluster 19,327700
2014-11,Cluster 19,332800
2014-12,Cluster 19,336200
2015-01,Cluster 19,338300
2015-02,Cluster 19,340300
2015-03,Cluster 19,344100
2015-04,Cluster 19,349400
2015-05,Cluster 19,355300
2015-06,Cluster 19,362400
2015-07,Cluster 19,370800
2015-08,Cluster 19,376800
2015-09,Cluster 19,380200
2015-10,Cluster 19,382200
2015-11,Cluster 19,385900
2015-12,Cluster 19,389200
2011-01,Cluster 2,418600
2011-02,Cluster 2,415300
2011-03,Cluster 2,416100
2011-04,Cluster 2,417600
2011-05,Cluster 2,417600
2011-06,Cluster 2,416500
2011-07,Cluster 2,415200
2011-08,Cluster 2,415900
2011-09,Cluster 2,419300
2011-10,Cluster 2,421100
2011-11,Cluster 2,419500
2011-12,Cluster 2,418600
2012-01,Cluster 2,421600
2012-02,Cluster 2,424900
2012-03,Cluster 2,428800
2012-04,Cluster 2,433400
2012-05,Cluster 2,439300
2012-06,Cluster 2,446300
2012-07,Cluster 2,453300
2012-08,Cluster 2,457500
2012-09,Cluster 2,460900
2012-10,Cluster 2,464700
2012-11,Cluster 2,468600
2012-12,Cluster 2,473500
2013-01,Cluster 2,478600
2013-02,Cluster 2,481600
2013-03,Cluster 2,483600
2013-04,Cluster 2,485400
2013-05,Cluster 2,490500
2013-06,Cluster 2,494400
2013-07,Cluster 2,494100
2013-08,Cluster 2,495500
2013-09,Cluster 2,506100
2013-10,Cluster 2,518400
2013-11,Cluster 2,529500
2013-12,Cluster 2,539000
2014-01,Cluster 2,545600
2014-02,Cluster 2,550900
2014-03,Cluster 2,559600
2014-04,Cluster 2,569100
2014-05,Cluster 2,574100
2014-06,Cluster 2,578400
2014-07,Cluster 2,586700
2014-08,Cluster 2,594400
2014-09,Cluster 2,596200
2014-10,Cluster 2,597800
2014-11,Cluster 2,600400
2014-12,Cluster 2,602100
2015-01,Cluster 2,604200
2015-02,Cluster 2,607500
2015-03,Cluster 2,611300
2015-04,Cluster 2,611800
2015-05,Cluster 2,611800
2015-06,Cluster 2,617500
2015-07,Cluster 2,628100
2015-08,Cluster 2,637300
2015-09,Cluster 2,645400
2015-10,Cluster 2,652600
2015-11,Cluster 2,655500
2015-12,Cluster 2,655200
2011-01,Cluster 20,244200
2011-02,Cluster 20,241900
2011-03,Cluster 20,242300
2011-04,Cluster 20,242700
2011-05,Cluster 20,242600
2011-06,Cluster 20,242500
2011-07,Cluster 20,242000
2011-08,Cluster 20,240700
2011-09,Cluster 20,240600
2011-10,Cluster 20,240900
2011-11,Cluster 20,240800
2011-12,Cluster 20,240600
2012-01,Cluster 20,240700
2012-02,Cluster 20,241300
2012-03,Cluster 20,242500
2012-04,Cluster 20,242800
2012-05,Cluster 20,243000
2012-06,Cluster 20,244300
2012-07,Cluster 20,246000
2012-08,Cluster 20,246400
2012-09,Cluster 20,245800
2012-10,Cluster 20,245700
2012-11,Cluster 20,246500
2012-12,Cluster 20,248200
2013-01,Cluster 20,249000
2013-02,Cluster 20,248600
2013-03,Cluster 20,248500
2013-04,Cluster 20,249800
2013-05,Cluster 20,252600
2013-06,Cluster 20,255800
2013-07,Cluster 20,259400
2013-08,Cluster 20,263700
2013-09,Cluster 20,268900
2013-10,Cluster 20,274600
2013-11,Cluster 20,279500
2013-12,Cluster 20,282300
2014-01,Cluster 20,285400
2014-02,Cluster 20,291500
2014-03,Cluster 20,299000
2014-04,Cluster 20,306000
2014-05,Cluster 20,311400
2014-06,Cluster 20,316800
2014-07,Cluster 20,320800
2014-08,Cluster 20,325200
2014-09,Cluster 20,328900
2014-10,Cluster 20,330800
2014-11,Cluster 20,331500
2014-12,Cluster 20,333500
2015-01,Cluster 20,335400
2015-02,Cluster 20,338200
2015-03,Cluster 20,342800
2015-04,Cluster 20,348800
2015-05,Cluster 20,355000
2015-06,Cluster 20,361300
2015-07,Cluster 20,367700
2015-08,Cluster 20,374200
2015-09,Cluster 20,379000
2015-10,Cluster 20,380900
2015-11,Cluster 20,382600
2015-12,Cluster 20,383300
2011-01,Cluster 21,308697.48
2011-02,Cluster 21,308697.48
2011-03,Cluster 21,308697.48
2011-04,Cluster 21,308697.48
2011-05,Cluster 21,308697.48
2011-06,Cluster 21,308697.48
2011-07,Cluster 21,308697.48
2011-08,Cluster 21,308697.48
2011-09,Cluster 21,308697.48
2011-10,Cluster 21,308697.48
2011-11,Cluster 21,308697.48
2011-12,Cluster 21,308697.48
2012-01,Cluster 21,300000
2012-02,Cluster 21,300000
2012-03,Cluster 21,300000
2012-04,Cluster 21,300000
2012-05,Cluster 21,300000
2012-06,Cluster 21,300000
2012-07,Cluster 21,300000
2012-08,Cluster 21,300000
2012-09,Cluster 21,300000
2012-10,Cluster 21,300000
2012-11,Cluster 21,300000
2012-12,Cluster 21,300000
2013-01,Cluster 21,300000
2013-02,Cluster 21,300000
2013-03,Cluster 21,300000
2013-04,Cluster 21,300000
2013-05,Cluster 21,300000
2013-06,Cluster 21,300000
2013-07,Cluster 21,300000
2013-08,Cluster 21,300000
2013-09,Cluster 21,300000
2013-10,Cluster 21,300000
2013-11,Cluster 21,300000
2013-12,Cluster 21,300000
2014-01,Cluster 21,275824.18
2014-02,Cluster 21,275824.18
2014-03,Cluster 21,275824.18
2014-04,Cluster 21,275824.18
2014-05,Cluster 21,275824.18
2014-06,Cluster 21,275824.18
2014-07,Cluster 21,275824.18
2014-08,Cluster 21,275824.18
2014-09,Cluster 21,275824.18
2014-10,Cluster 21,275824.18
2014-11,Cluster 21,275824.18
2014-12,Cluster 21,275824.18
2015-01,Cluster 21,285567.01
2015-02,Cluster 21,285567.01
2015-03,Cluster 21,285567.01
2015-04,Cluster 21,285567.01
2015-05,Cluster 21,285567.01
2015-06,Cluster 21,285567.01
2015-07,Cluster 21,285567.01
2015-08,Cluster 21,285567.01
2015-09,Cluster 21,285567.01
2015-10,Cluster 21,285567.01
2015-11,Cluster 21,285567.01
2015-12,Cluster 21,285567.01
2011-01,Cluster 22,375000
2011-02,Cluster 22,368800
2011-03,Cluster 22,367800
2011-04,Cluster 22,369200
2011-05,Cluster 22,370800
2011-06,Cluster 22,372000
2011-07,Cluster 22,372400
2011-08,Cluster 22,371300
2011-09,Cluster 22,369300
2011-10,Cluster 22,366600
2011-11,Cluster 22,365300
2011-12,Cluster 22,365400
2012-01,Cluster 22,365700
2012-02,Cluster 22,366800
2012-03,Cluster 22,367700
2012-04,Cluster 22,368000
2012-05,Cluster 22,368700
2012-06,Cluster 22,370500
2012-07,Cluster 22,373700
2012-08,Cluster 22,379800
2012-09,Cluster 22,384900
2012-10,Cluster 22,388300
2012-11,Cluster 22,390200
2012-12,Cluster 22,391900
2013-01,Cluster 22,393900
2013-02,Cluster 22,398300
2013-03,Cluster 22,403700
2013-04,Cluster 22,408400
2013-05,Cluster 22,413200
2013-06,Cluster 22,418100
2013-07,Cluster 22,422900
2013-08,Cluster 22,428300
2013-09,Cluster 22,435100
2013-10,Cluster 22,441800
2013-11,Cluster 22,447600
2013-12,Cluster 22,451200
2014-01,Cluster 22,454100
2014-02,Cluster 22,459000
2014-03,Cluster 22,464100
2014-04,Cluster 22,466600
2014-05,Cluster 22,468200
2014-06,Cluster 22,470900
2014-07,Cluster 22,473600
2014-08,Cluster 22,477400
2014-09,Cluster 22,482100
2014-10,Cluster 22,487800
2014-11,Cluster 22,493500
2014-12,Cluster 22,497900
2015-01,Cluster 22,499800
2015-02,Cluster 22,503400
2015-03,Cluster 22,510100
2015-04,Cluster 22,520400
2015-05,Cluster 22,534500
2015-06,Cluster 22,547500
2015-07,Cluster 22,556200
2015-08,Cluster 22,562000
2015-09,Cluster 22,570800
2015-10,Cluster 22,584800
2015-11,Cluster 22,597700
2015-12,Cluster 22,599400
2011-01,Cluster 23,170634.92
2011-02,Cluster 23,170634.92
2011-03,Cluster 23,170634.92
2011-04,Cluster 23,170634.92
2011-05,Cluster 23,170634.92
2011-06,Cluster 23,170634.92
2011-07,Cluster 23,170634.92
2011-08,Cluster 23,170634.92
2011-09,Cluster 23,170634.92
2011-10,Cluster 23,170634.92
2011-11,Cluster 23,170634.92
2011-12,Cluster 23,170634.92
2012-01,Cluster 23,170454.55
2012-02,Cluster 23,170454.55
2012-03,Cluster 23,170454.55
2012-04,Cluster 23,170454.55
2012-05,Cluster 23,170454.55
2012-06,Cluster 23,170454.55
2012-07,Cluster 23,170454.55
2012-08,Cluster 23,170454.55
2012-09,Cluster 23,170454.55
2012-10,Cluster 23,170454.55
2012-11,Cluster 23,170454.55
2012-12,Cluster 23,170454.55
2013-01,Cluster 23,273899.86
2013-02,Cluster 23,273899.86
2013-03,Cluster 23,273899.86
2013-04,Cluster 23,273899.86
2013-05,Cluster 23,273899.86
2013-06,Cluster 23,273899.86
2013-07,Cluster 23,273899.86
2013-08,Cluster 23,273899.86
2013-09,Cluster 23,273899.86
2013-10,Cluster 23,273899.86
2013-11,Cluster 23,273899.86
2013-12,Cluster 23,273899.86
2014-01,Cluster 23,317067.31
2014-02,Cluster 23,317067.31
2014-03,Cluster 23,317067.31
2014-04,Cluster 23,317067.31
2014-05,Cluster 23,317067.31
2014-06,Cluster 23,317067.31
2014-07,Cluster 23,317067.31
2014-08,Cluster 23,317067.31
2014-09,Cluster 23,317067.31
2014-10,Cluster 23,317067.31
2014-11,Cluster 23,317067.31
2014-12,Cluster 23,317067.31
2015-01,Cluster 23,333333.33
2015-02,Cluster 23,333333.33
2015-03,Cluster 23,333333.33
2015-04,Cluster 23,333333.33
2015-05,Cluster 23,333333.33
2015-06,Cluster 23,333333.33
2015-07,Cluster 23,333333.33
2015-08,Cluster 23,333333.33
2015-09,Cluster 23,333333.33
2015-10,Cluster 23,333333.33
2015-11,Cluster 23,333333.33
2015-12,Cluster 23,333333.33
2011-01,Cluster 24,303900
2011-02,Cluster 24,300900
2011-03,Cluster 24,304500
2011-04,Cluster 24,307700
2011-05,Cluster 24,308000
2011-06,Cluster 24,307400
2011-07,Cluster 24,308000
2011-08,Cluster 24,307900
2011-09,Cluster 24,307600
2011-10,Cluster 24,306200
2011-11,Cluster 24,305100
2011-12,Cluster 24,304600
2012-01,Cluster 24,304300
2012-02,Cluster 24,304600
2012-03,Cluster 24,305200
2012-04,Cluster 24,305100
2012-05,Cluster 24,304900
2012-06,Cluster 24,306400
2012-07,Cluster 24,310200
2012-08,Cluster 24,315300
2012-09,Cluster 24,320300
2012-10,Cluster 24,324500
2012-11,Cluster 24,327700
2012-12,Cluster 24,329800
2013-01,Cluster 24,331100
2013-02,Cluster 24,333000
2013-03,Cluster 24,334900
2013-04,Cluster 24,337900
2013-05,Cluster 24,344100
2013-06,Cluster 24,350600
2013-07,Cluster 24,353400
2013-08,Cluster 24,355200
2013-09,Cluster 24,358900
2013-10,Cluster 24,365600
2013-11,Cluster 24,372100
2013-12,Cluster 24,376500
2014-01,Cluster 24,378700
2014-02,Cluster 24,382800
2014-03,Cluster 24,389000
2014-04,Cluster 24,395100
2014-05,Cluster 24,398100
2014-06,Cluster 24,398300
2014-07,Cluster 24,397400
2014-08,Cluster 24,395200
2014-09,Cluster 24,391900
2014-10,Cluster 24,390600
2014-11,Cluster 24,392000
2014-12,Cluster 24,392400
2015-01,Cluster 24,393000
2015-02,Cluster 24,398200
2015-03,Cluster 24,407800
2015-04,Cluster 24,417600
2015-05,Cluster 24,421800
2015-06,Cluster 24,424500
2015-07,Cluster 24,430200
2015-08,Cluster 24,436500
2015-09,Cluster 24,439700
2015-10,Cluster 24,442500
2015-11,Cluster 24,444000
2015-12,Cluster 24,443000
2011-01,Cluster 25,250000
2011-02,Cluster 25,250000
2011-03,Cluster 25,250000
2011-04,Cluster 25,250000
2011-05,Cluster 25,250000
2011-06,Cluster 25,250000
2011-07,Cluster 25,250000
2011-08,Cluster 25,250000
2011-09,Cluster 25,250000
2011-10,Cluster 25,250000
2011-11,Cluster 25,250000
2011-12,Cluster 25,250000
2012-01,Cluster 25,200000
2012-02,Cluster 25,200000
2012-03,Cluster 25,200000
2012-04,Cluster 25,200000
2012-05,Cluster 25,200000
2012-06,Cluster 25,200000
2012-07,Cluster 25,200000
2012-08,Cluster 25,200000
2012-09,Cluster 25,200000
2012-10,Cluster 25,200000
2012-11,Cluster 25,200000
2012-12,Cluster 25,200000
2013-01,Cluster 25,294247.79
2013-02,Cluster 25,294247.79
2013-03,Cluster 25,294247.79
2013-04,Cluster 25,294247.79
2013-05,Cluster 25,294247.79
2013-06,Cluster 25,294247.79
2013-07,Cluster 25,294247.79
2013-08,Cluster 25,294247.79
2013-09,Cluster 25,294247.79
2013-10,Cluster 25,294247.79
2013-11,Cluster 25,294247.79
2013-12,Cluster 25,294247.79
2014-01,Cluster 25,395726.5
2014-02,Cluster 25,395726.5
2014-03,Cluster 25,395726.5
2014-04,Cluster 25,395726.5
2014-05,Cluster 25,395726.5
2014-06,Cluster 25,395726.5
2014-07,Cluster 25,395726.5
2014-08,Cluster 25,395726.5
2014-09,Cluster 25,395726.5
2014-10,Cluster 25,395726.5
2014-11,Cluster 25,395726.5
2014-12,Cluster 25,395726.5
2015-01,Cluster 25,274687.5
2015-02,Cluster 25,274687.5
2015-03,Cluster 25,274687.5
2015-04,Cluster 25,274687.5
2015-05,Cluster 25,274687.5
2015-06,Cluster 25,274687.5
2015-07,Cluster 25,274687.5
2015-08,Cluster 25,274687.5
2015-09,Cluster 25,274687.5
2015-10,Cluster 25,274687.5
2015-11,Cluster 25,274687.5
2015-12,Cluster 25,274687.5
2011-01,Cluster 26,647500
2011-02,Cluster 26,641100
2011-03,Cluster 26,641700
2011-04,Cluster 26,643800
2011-05,Cluster 26,645900
2011-06,Cluster 26,646800
2011-07,Cluster 26,646600
2011-08,Cluster 26,646300
2011-09,Cluster 26,647300
2011-10,Cluster 26,648600
2011-11,Cluster 26,648800
2011-12,Cluster 26,649100
2012-01,Cluster 26,649600
2012-02,Cluster 26,652900
2012-03,Cluster 26,660100
2012-04,Cluster 26,669300
2012-05,Cluster 26,677200
2012-06,Cluster 26,681500
2012-07,Cluster 26,682900
2012-08,Cluster 26,687900
2012-09,Cluster 26,694800
2012-10,Cluster 26,698100
2012-11,Cluster 26,699900
2012-12,Cluster 26,703700
2013-01,Cluster 26,707200
2013-02,Cluster 26,711300
2013-03,Cluster 26,712500
2013-04,Cluster 26,710000
2013-05,Cluster 26,710100
2013-06,Cluster 26,715200
2013-07,Cluster 26,722400
2013-08,Cluster 26,725700
2013-09,Cluster 26,725500
2013-10,Cluster 26,727700
2013-11,Cluster 26,731700
2013-12,Cluster 26,733200
2014-01,Cluster 26,736400
2014-02,Cluster 26,740800
2014-03,Cluster 26,744900
2014-04,Cluster 26,750600
2014-05,Cluster 26,756400
2014-06,Cluster 26,760600
2014-07,Cluster 26,765000
2014-08,Cluster 26,769000
2014-09,Cluster 26,773800
2014-10,Cluster 26,782200
2014-11,Cluster 26,789500
2014-12,Cluster 26,793900
2015-01,Cluster 26,799300
2015-02,Cluster 26,807300
2015-03,Cluster 26,817200
2015-04,Cluster 26,826500
2015-05,Cluster 26,834900
2015-06,Cluster 26,843400
2015-07,Cluster 26,851700
2015-08,Cluster 26,856600
2015-09,Cluster 26,856400
2015-10,Cluster 26,854100
2015-11,Cluster 26,854000
2015-12,Cluster 26,851100
2011-01,Cluster 27,325185.19
2011-02,Cluster 27,325185.19
2011-03,Cluster 27,325185.19
2011-04,Cluster 27,325185.19
2011-05,Cluster 27,325185.19
2011-06,Cluster 27,325185.19
2011-07,Cluster 27,325185.19
2011-08,Cluster 27,325185.19
2011-09,Cluster 27,325185.19
2011-10,Cluster 27,325185.19
2011-11,Cluster 27,325185.19
2011-12,Cluster 27,325185.19
2012-01,Cluster 27,319841.27
2012-02,Cluster 27,319841.27
2012-03,Cluster 27,319841.27
2012-04,Cluster 27,319841.27
2012-05,Cluster 27,319841.27
2012-06,Cluster 27,319841.27
2012-07,Cluster 27,319841.27
2012-08,Cluster 27,319841.27
2012-09,Cluster 27,319841.27
2012-10,Cluster 27,319841.27
2012-11,Cluster 27,319841.27
2012-12,Cluster 27,319841.27
2013-01,Cluster 27,350000
2013-02,Cluster 27,350000
2013-03,Cluster 27,350000
2013-04,Cluster 27,350000
2013-05,Cluster 27,350000
2013-06,Cluster 27,350000
2013-07,Cluster 27,350000
2013-08,Cluster 27,350000
2013-09,Cluster 27,350000
2013-10,Cluster 27,350000
2013-11,Cluster 27,350000
2013-12,Cluster 27,350000
2014-01,Cluster 27,400000
2014-02,Cluster 27,400000
2014-03,Cluster 27,400000
2014-04,Cluster 27,400000
2014-05,Cluster 27,400000
2014-06,Cluster 27,400000
2014-07,Cluster 27,400000
2014-08,Cluster 27,400000
2014-09,Cluster 27,400000
2014-10,Cluster 27,400000
2014-11,Cluster 27,400000
2014-12,Cluster 27,400000
2015-01,Cluster 27,448000
2015-02,Cluster 27,448000
2015-03,Cluster 27,448000
2015-04,Cluster 27,448000
2015-05,Cluster 27,448000
2015-06,Cluster 27,448000
2015-07,Cluster 27,448000
2015-08,Cluster 27,448000
2015-09,Cluster 27,448000
2015-10,Cluster 27,448000
2015-11,Cluster 27,448000
2015-12,Cluster 27,448000
2011-01,Cluster 28,209300
2011-02,Cluster 28,204900
2011-03,Cluster 28,200900
2011-04,Cluster 28,197500
2011-05,Cluster 28,195400
2011-06,Cluster 28,193300
2011-07,Cluster 28,192000
2011-08,Cluster 28,192100
2011-09,Cluster 28,193600
2011-10,Cluster 28,194400
2011-11,Cluster 28,195500
2011-12,Cluster 28,196600
2012-01,Cluster 28,197000
2012-02,Cluster 28,197200
2012-03,Cluster 28,197500
2012-04,Cluster 28,197600
2012-05,Cluster 28,199400
2012-06,Cluster 28,204000
2012-07,Cluster 28,208700
2012-08,Cluster 28,212400
2012-09,Cluster 28,217200
2012-10,Cluster 28,221800
2012-11,Cluster 28,223200
2012-12,Cluster 28,221900
2013-01,Cluster 28,220500
2013-02,Cluster 28,219500
2013-03,Cluster 28,218800
2013-04,Cluster 28,220100
2013-05,Cluster 28,224300
2013-06,Cluster 28,230300
2013-07,Cluster 28,235400
2013-08,Cluster 28,237400
2013-09,Cluster 28,235600
2013-10,Cluster 28,234900
2013-11,Cluster 28,235000
2013-12,Cluster 28,236100
2014-01,Cluster 28,239800
2014-02,Cluster 28,247200
2014-03,Cluster 28,255400
2014-04,Cluster 28,261900
2014-05,Cluster 28,265500
2014-06,Cluster 28,267600
2014-07,Cluster 28,269800
2014-08,Cluster 28,272000
2014-09,Cluster 28,272700
2014-10,Cluster 28,271900
2014-11,Cluster 28,271100
2014-12,Cluster 28,270500
2015-01,Cluster 28,270500
2015-02,Cluster 28,272300
2015-03,Cluster 28,274300
2015-04,Cluster 28,276700
2015-05,Cluster 28,280100
2015-06,Cluster 28,283600
2015-07,Cluster 28,285700
2015-08,Cluster 28,286800
2015-09,Cluster 28,289100
2015-10,Cluster 28,293800
2015-11,Cluster 28,300600
2015-12,Cluster 28,305900
2011-01,Cluster 29,187658
2011-02,Cluster 29,185335
2011-03,Cluster 29,184325
2011-04,Cluster 29,182810
2011-05,Cluster 29,180992
2011-06,Cluster 29,178871
2011-07,Cluster 29,176952
2011-08,Cluster 29,174629
2011-09,Cluster 29,172205
2011-10,Cluster 29,170286
2011-11,Cluster 29,170185
2011-12,Cluster 29,171296
2012-01,Cluster 29,172003
2012-02,Cluster 29,172104
2012-03,Cluster 29,172407
2012-04,Cluster 29,173518
2012-05,Cluster 29,175134
2012-06,Cluster 29,176447
2012-07,Cluster 29,176548
2012-08,Cluster 29,175538
2012-09,Cluster 29,174023
2012-10,Cluster 29,173619
2012-11,Cluster 29,174225
2012-12,Cluster 29,174730
2013-01,Cluster 29,174629
2013-02,Cluster 29,175942
2013-03,Cluster 29,177760
2013-04,Cluster 29,179174
2013-05,Cluster 29,181497
2013-06,Cluster 29,186042
2013-07,Cluster 29,190688
2013-08,Cluster 29,195031
2013-09,Cluster 29,197859
2013-10,Cluster 29,198869
2013-11,Cluster 29,198869
2013-12,Cluster 29,198364
2014-01,Cluster 29,197960
2014-02,Cluster 29,199273
2014-03,Cluster 29,202707
2014-04,Cluster 29,206747
2014-05,Cluster 29,210080
2014-06,Cluster 29,211191
2014-07,Cluster 29,211595
2014-08,Cluster 29,213110
2014-09,Cluster 29,216140
2014-10,Cluster 29,219372
2014-11,Cluster 29,221796
2014-12,Cluster 29,223008
2015-01,Cluster 29,223715
2015-02,Cluster 29,225230
2015-03,Cluster 29,226240
2015-04,Cluster 29,226947
2015-05,Cluster 29,228159
2015-06,Cluster 29,231795
2015-07,Cluster 29,238158
2015-08,Cluster 29,243208
2015-09,Cluster 29,245834
2015-10,Cluster 29,247551
2015-11,Cluster 29,249672
2015-12,Cluster 29,253005
2011-01,Cluster 3,620500
2011-02,Cluster 3,616700
2011-03,Cluster 3,614800
2011-04,Cluster 3,612400
2011-05,Cluster 3,611000
2011-06,Cluster 3,610900
2011-07,Cluster 3,613000
2011-08,Cluster 3,615500
2011-09,Cluster 3,620400
2011-10,Cluster 3,623600
2011-11,Cluster 3,625800
2011-12,Cluster 3,625800
2012-01,Cluster 3,627100
2012-02,Cluster 3,629900
2012-03,Cluster 3,635100
2012-04,Cluster 3,637600
2012-05,Cluster 3,637500
2012-06,Cluster 3,641500
2012-07,Cluster 3,647300
2012-08,Cluster 3,655400
2012-09,Cluster 3,660700
2012-10,Cluster 3,665800
2012-11,Cluster 3,666500
2012-12,Cluster 3,668700
2013-01,Cluster 3,670600
2013-02,Cluster 3,670900
2013-03,Cluster 3,667700
2013-04,Cluster 3,669900
2013-05,Cluster 3,677600
2013-06,Cluster 3,685400
2013-07,Cluster 3,689200
2013-08,Cluster 3,691500
2013-09,Cluster 3,697400
2013-10,Cluster 3,705400
2013-11,Cluster 3,711400
2013-12,Cluster 3,713000
2014-01,Cluster 3,714300
2014-02,Cluster 3,716900
2014-03,Cluster 3,720000
2014-04,Cluster 3,725700
2014-05,Cluster 3,731600
2014-06,Cluster 3,734100
2014-07,Cluster 3,733100
2014-08,Cluster 3,730700
2014-09,Cluster 3,729900
2014-10,Cluster 3,733000
2014-11,Cluster 3,737300
2014-12,Cluster 3,740800
2015-01,Cluster 3,744700
2015-02,Cluster 3,750900
2015-03,Cluster 3,759600
2015-04,Cluster 3,766700
2015-05,Cluster 3,773900
2015-06,Cluster 3,782500
2015-07,Cluster 3,788900
2015-08,Cluster 3,790900
2015-09,Cluster 3,790400
2015-10,Cluster 3,793100
2015-11,Cluster 3,797600
2015-12,Cluster 3,804500
2011-01,Cluster 30,186100
2011-02,Cluster 30,185200
2011-03,Cluster 30,184500
2011-04,Cluster 30,183000
2011-05,Cluster 30,180900
2011-06,Cluster 30,178600
2011-07,Cluster 30,176900
2011-08,Cluster 30,174900
2011-09,Cluster 30,173000
2011-10,Cluster 30,171000
2011-11,Cluster 30,170000
2011-12,Cluster 30,169100
2012-01,Cluster 30,168500
2012-02,Cluster 30,168400
2012-03,Cluster 30,168900
2012-04,Cluster 30,169100
2012-05,Cluster 30,169600
2012-06,Cluster 30,171100
2012-07,Cluster 30,172400
2012-08,Cluster 30,172300
2012-09,Cluster 30,171500
2012-10,Cluster 30,171500
2012-11,Cluster 30,171900
2012-12,Cluster 30,172200
2013-01,Cluster 30,171800
2013-02,Cluster 30,172600
2013-03,Cluster 30,175100
2013-04,Cluster 30,178500
2013-05,Cluster 30,180900
2013-06,Cluster 30,183200
2013-07,Cluster 30,186400
2013-08,Cluster 30,191100
2013-09,Cluster 30,194700
2013-10,Cluster 30,196200
2013-11,Cluster 30,197500
2013-12,Cluster 30,199500
2014-01,Cluster 30,201600
2014-02,Cluster 30,203400
2014-03,Cluster 30,205300
2014-04,Cluster 30,207200
2014-05,Cluster 30,211500
2014-06,Cluster 30,215500
2014-07,Cluster 30,217500
2014-08,Cluster 30,218400
2014-09,Cluster 30,220500
2014-10,Cluster 30,223800
2014-11,Cluster 30,227100
2014-12,Cluster 30,229100
2015-01,Cluster 30,228900
2015-02,Cluster 30,228400
2015-03,Cluster 30,228500
2015-04,Cluster 30,229300
2015-05,Cluster 30,229300
2015-06,Cluster 30,230800
2015-07,Cluster 30,234100
2015-08,Cluster 30,238000
2015-09,Cluster 30,241700
2015-10,Cluster 30,243300
2015-11,Cluster 30,241500
2015-12,Cluster 30,239900
2011-01,Cluster 31,185800
2011-02,Cluster 31,183500
2011-03,Cluster 31,182500
2011-04,Cluster 31,181000
2011-05,Cluster 31,179200
2011-06,Cluster 31,177100
2011-07,Cluster 31,175200
2011-08,Cluster 31,172900
2011-09,Cluster 31,170500
2011-10,Cluster 31,168600
2011-11,Cluster 31,168500
2011-12,Cluster 31,169600
2012-01,Cluster 31,170300
2012-02,Cluster 31,170400
2012-03,Cluster 31,170700
2012-04,Cluster 31,171800
2012-05,Cluster 31,173400
2012-06,Cluster 31,174700
2012-07,Cluster 31,174800
2012-08,Cluster 31,173800
2012-09,Cluster 31,172300
2012-10,Cluster 31,171900
2012-11,Cluster 31,172500
2012-12,Cluster 31,173000
2013-01,Cluster 31,172900
2013-02,Cluster 31,174200
2013-03,Cluster 31,176000
2013-04,Cluster 31,177400
2013-05,Cluster 31,179700
2013-06,Cluster 31,184200
2013-07,Cluster 31,188800
2013-08,Cluster 31,193100
2013-09,Cluster 31,195900
2013-10,Cluster 31,196900
2013-11,Cluster 31,196900
2013-12,Cluster 31,196400
2014-01,Cluster 31,196000
2014-02,Cluster 31,197300
2014-03,Cluster 31,200700
2014-04,Cluster 31,204700
2014-05,Cluster 31,208000
2014-06,Cluster 31,209100
2014-07,Cluster 31,209500
2014-08,Cluster 31,211000
2014-09,Cluster 31,214000
2014-10,Cluster 31,217200
2014-11,Cluster 31,219600
2014-12,Cluster 31,220800
2015-01,Cluster 31,221500
2015-02,Cluster 31,223000
2015-03,Cluster 31,224000
2015-04,Cluster 31,224700
2015-05,Cluster 31,225900
2015-06,Cluster 31,229500
2015-07,Cluster 31,235800
2015-08,Cluster 31,240800
2015-09,Cluster 31,243400
2015-10,Cluster 31,245100
2015-11,Cluster 31,247200
2015-12,Cluster 31,250500
2011-01,Cluster 32,197300
2011-02,Cluster 32,195500
2011-03,Cluster 32,193900
2011-04,Cluster 32,192300
2011-05,Cluster 32,191400
2011-06,Cluster 32,191700
2011-07,Cluster 32,191200
2011-08,Cluster 32,187700
2011-09,Cluster 32,184500
2011-10,Cluster 32,182900
2011-11,Cluster 32,181100
2011-12,Cluster 32,178800
2012-01,Cluster 32,177700
2012-02,Cluster 32,176800
2012-03,Cluster 32,175400
2012-04,Cluster 32,174600
2012-05,Cluster 32,175000
2012-06,Cluster 32,175500
2012-07,Cluster 32,177200
2012-08,Cluster 32,180100
2012-09,Cluster 32,182900
2012-10,Cluster 32,184800
2012-11,Cluster 32,186300
2012-12,Cluster 32,186800
2013-01,Cluster 32,186300
2013-02,Cluster 32,186600
2013-03,Cluster 32,187900
2013-04,Cluster 32,189200
2013-05,Cluster 32,190800
2013-06,Cluster 32,193700
2013-07,Cluster 32,195200
2013-08,Cluster 32,195500
2013-09,Cluster 32,196000
2013-10,Cluster 32,197100
2013-11,Cluster 32,198000
2013-12,Cluster 32,200600
2014-01,Cluster 32,203500
2014-02,Cluster 32,206900
2014-03,Cluster 32,210600
2014-04,Cluster 32,214500
2014-05,Cluster 32,218200
2014-06,Cluster 32,221900
2014-07,Cluster 32,225000
2014-08,Cluster 32,228000
2014-09,Cluster 32,230200
2014-10,Cluster 32,230900
2014-11,Cluster 32,230400
2014-12,Cluster 32,229600
2015-01,Cluster 32,229600
2015-02,Cluster 32,229100
2015-03,Cluster 32,227000
2015-04,Cluster 32,225900
2015-05,Cluster 32,226100
2015-06,Cluster 32,228300
2015-07,Cluster 32,233800
2015-08,Cluster 32,239300
2015-09,Cluster 32,241900
2015-10,Cluster 32,242200
2015-11,Cluster 32,241700
2015-12,Cluster 32,242400
2011-01,Cluster 33,193200
2011-02,Cluster 33,193000
2011-03,Cluster 33,194200
2011-04,Cluster 33,194800
2011-05,Cluster 33,194900
2011-06,Cluster 33,194100
2011-07,Cluster 33,193700
2011-08,Cluster 33,193600
2011-09,Cluster 33,193100
2011-10,Cluster 33,191400
2011-11,Cluster 33,190400
2011-12,Cluster 33,190900
2012-01,Cluster 33,191600
2012-02,Cluster 33,190800
2012-03,Cluster 33,189400
2012-04,Cluster 33,188700
2012-05,Cluster 33,187600
2012-06,Cluster 33,187700
2012-07,Cluster 33,188300
2012-08,Cluster 33,188700
2012-09,Cluster 33,189100
2012-10,Cluster 33,190900
2012-11,Cluster 33,191700
2012-12,Cluster 33,191400
2013-01,Cluster 33,191400
2013-02,Cluster 33,192800
2013-03,Cluster 33,195700
2013-04,Cluster 33,199900
2013-05,Cluster 33,204500
2013-06,Cluster 33,207700
2013-07,Cluster 33,209500
2013-08,Cluster 33,211500
2013-09,Cluster 33,213000
2013-10,Cluster 33,212900
2013-11,Cluster 33,213000
2013-12,Cluster 33,214400
2014-01,Cluster 33,215700
2014-02,Cluster 33,216300
2014-03,Cluster 33,216800
2014-04,Cluster 33,217700
2014-05,Cluster 33,219300
2014-06,Cluster 33,221000
2014-07,Cluster 33,222700
2014-08,Cluster 33,224300
2014-09,Cluster 33,226500
2014-10,Cluster 33,229700
2014-11,Cluster 33,233200
2014-12,Cluster 33,236000
2015-01,Cluster 33,237200
2015-02,Cluster 33,237600
2015-03,Cluster 33,239600
2015-04,Cluster 33,243800
2015-05,Cluster 33,249400
2015-06,Cluster 33,255900
2015-07,Cluster 33,262100
2015-08,Cluster 33,265800
2015-09,Cluster 33,267500
2015-10,Cluster 33,268300
2015-11,Cluster 33,268400
2015-12,Cluster 33,266000
2011-01,Cluster 34,210900
2011-02,Cluster 34,205900
2011-03,Cluster 34,201300
2011-04,Cluster 34,196800
2011-05,Cluster 34,193300
2011-06,Cluster 34,190500
2011-07,Cluster 34,189400
2011-08,Cluster 34,191600
2011-09,Cluster 34,196700
2011-10,Cluster 34,200400
2011-11,Cluster 34,202000
2011-12,Cluster 34,203500
2012-01,Cluster 34,203800
2012-02,Cluster 34,203000
2012-03,Cluster 34,202000
2012-04,Cluster 34,201700
2012-05,Cluster 34,202700
2012-06,Cluster 34,205400
2012-07,Cluster 34,208800
2012-08,Cluster 34,210700
2012-09,Cluster 34,212400
2012-10,Cluster 34,214500
2012-11,Cluster 34,215400
2012-12,Cluster 34,215100
2013-01,Cluster 34,215900
2013-02,Cluster 34,216100
2013-03,Cluster 34,216600
2013-04,Cluster 34,219000
2013-05,Cluster 34,222500
2013-06,Cluster 34,225500
2013-07,Cluster 34,227000
2013-08,Cluster 34,227000
2013-09,Cluster 34,226300
2013-10,Cluster 34,226600
2013-11,Cluster 34,227800
2013-12,Cluster 34,230200
2014-01,Cluster 34,234200
2014-02,Cluster 34,241000
2014-03,Cluster 34,249500
2014-04,Cluster 34,257600
2014-05,Cluster 34,264600
2014-06,Cluster 34,270900
2014-07,Cluster 34,275700
2014-08,Cluster 34,278600
2014-09,Cluster 34,279800
2014-10,Cluster 34,278000
2014-11,Cluster 34,275700
2014-12,Cluster 34,274100
2015-01,Cluster 34,273500
2015-02,Cluster 34,273300
2015-03,Cluster 34,274100
2015-04,Cluster 34,276300
2015-05,Cluster 34,280500
2015-06,Cluster 34,285400
2015-07,Cluster 34,288800
2015-08,Cluster 34,290700
2015-09,Cluster 34,294400
2015-10,Cluster 34,299600
2015-11,Cluster 34,303800
2015-12,Cluster 34,307000
2011-01,Cluster 35,205900
2011-02,Cluster 35,202600
2011-03,Cluster 35,199700
2011-04,Cluster 35,196600
2011-05,Cluster 35,194100
2011-06,Cluster 35,191300
2011-07,Cluster 35,189400
2011-08,Cluster 35,189400
2011-09,Cluster 35,191100
2011-10,Cluster 35,192500
2011-11,Cluster 35,193000
2011-12,Cluster 35,192700
2012-01,Cluster 35,192100
2012-02,Cluster 35,192400
2012-03,Cluster 35,193400
2012-04,Cluster 35,194400
2012-05,Cluster 35,196200
2012-06,Cluster 35,200900
2012-07,Cluster 35,206400
2012-08,Cluster 35,210200
2012-09,Cluster 35,215400
2012-10,Cluster 35,221100
2012-11,Cluster 35,223400
2012-12,Cluster 35,223000
2013-01,Cluster 35,222800
2013-02,Cluster 35,221800
2013-03,Cluster 35,221000
2013-04,Cluster 35,221100
2013-05,Cluster 35,222500
2013-06,Cluster 35,224800
2013-07,Cluster 35,226500
2013-08,Cluster 35,226100
2013-09,Cluster 35,224100
2013-10,Cluster 35,223500
2013-11,Cluster 35,224100
2013-12,Cluster 35,225800
2014-01,Cluster 35,228500
2014-02,Cluster 35,232700
2014-03,Cluster 35,238400
2014-04,Cluster 35,245000
2014-05,Cluster 35,249100
2014-06,Cluster 35,251900
2014-07,Cluster 35,257200
2014-08,Cluster 35,264000
2014-09,Cluster 35,267700
2014-10,Cluster 35,269000
2014-11,Cluster 35,269500
2014-12,Cluster 35,268600
2015-01,Cluster 35,267500
2015-02,Cluster 35,269200
2015-03,Cluster 35,272600
2015-04,Cluster 35,275400
2015-05,Cluster 35,278200
2015-06,Cluster 35,281500
2015-07,Cluster 35,283300
2015-08,Cluster 35,282200
2015-09,Cluster 35,281300
2015-10,Cluster 35,283200
2015-11,Cluster 35,287900
2015-12,Cluster 35,293600
2011-01,Cluster 36,216500
2011-02,Cluster 36,210900
2011-03,Cluster 36,208700
2011-04,Cluster 36,208000
2011-05,Cluster 36,207500
2011-06,Cluster 36,206000
2011-07,Cluster 36,207500
2011-08,Cluster 36,210000
2011-09,Cluster 36,210400
2011-10,Cluster 36,209100
2011-11,Cluster 36,211500
2011-12,Cluster 36,217000
2012-01,Cluster 36,222300
2012-02,Cluster 36,222800
2012-03,Cluster 36,219900
2012-04,Cluster 36,217000
2012-05,Cluster 36,216400
2012-06,Cluster 36,216800
2012-07,Cluster 36,216500
2012-08,Cluster 36,216600
2012-09,Cluster 36,217500
2012-10,Cluster 36,218800
2012-11,Cluster 36,220300
2012-12,Cluster 36,222000
2013-01,Cluster 36,223000
2013-02,Cluster 36,223000
2013-03,Cluster 36,222300
2013-04,Cluster 36,222200
2013-05,Cluster 36,223900
2013-06,Cluster 36,226700
2013-07,Cluster 36,227800
2013-08,Cluster 36,227300
2013-09,Cluster 36,228000
2013-10,Cluster 36,229900
2013-11,Cluster 36,230800
2013-12,Cluster 36,231800
2014-01,Cluster 36,234000
2014-02,Cluster 36,238900
2014-03,Cluster 36,245800
2014-04,Cluster 36,250800
2014-05,Cluster 36,250000
2014-06,Cluster 36,248400
2014-07,Cluster 36,249000
2014-08,Cluster 36,249500
2014-09,Cluster 36,248000
2014-10,Cluster 36,245400
2014-11,Cluster 36,243400
2014-12,Cluster 36,245300
2015-01,Cluster 36,249300
2015-02,Cluster 36,252700
2015-03,Cluster 36,256000
2015-04,Cluster 36,260300
2015-05,Cluster 36,263900
2015-06,Cluster 36,266800
2015-07,Cluster 36,268600
2015-08,Cluster 36,268200
2015-09,Cluster 36,267400
2015-10,Cluster 36,270000
2015-11,Cluster 36,273400
2015-12,Cluster 36,275300
2011-01,Cluster 37,172900
2011-02,Cluster 37,167700
2011-03,Cluster 37,165800
2011-04,Cluster 37,164300
2011-05,Cluster 37,163600
2011-06,Cluster 37,164100
2011-07,Cluster 37,165200
2011-08,Cluster 37,165800
2011-09,Cluster 37,166000
2011-10,Cluster 37,166400
2011-11,Cluster 37,166400
2011-12,Cluster 37,166700
2012-01,Cluster 37,167300
2012-02,Cluster 37,168400
2012-03,Cluster 37,170700
2012-04,Cluster 37,174300
2012-05,Cluster 37,176700
2012-06,Cluster 37,177900
2012-07,Cluster 37,178700
2012-08,Cluster 37,179300
2012-09,Cluster 37,180400
2012-10,Cluster 37,182200
2012-11,Cluster 37,183100
2012-12,Cluster 37,184000
2013-01,Cluster 37,184700
2013-02,Cluster 37,184200
2013-03,Cluster 37,182800
2013-04,Cluster 37,182100
2013-05,Cluster 37,182000
2013-06,Cluster 37,183900
2013-07,Cluster 37,187500
2013-08,Cluster 37,190900
2013-09,Cluster 37,192500
2013-10,Cluster 37,193800
2013-11,Cluster 37,195800
2013-12,Cluster 37,198500
2014-01,Cluster 37,201100
2014-02,Cluster 37,203800
2014-03,Cluster 37,205000
2014-04,Cluster 37,205100
2014-05,Cluster 37,206300
2014-06,Cluster 37,207900
2014-07,Cluster 37,209600
2014-08,Cluster 37,214000
2014-09,Cluster 37,219400
2014-10,Cluster 37,222300
2014-11,Cluster 37,223400
2014-12,Cluster 37,225300
2015-01,Cluster 37,228500
2015-02,Cluster 37,232200
2015-03,Cluster 37,233700
2015-04,Cluster 37,233900
2015-05,Cluster 37,233400
2015-06,Cluster 37,233200
2015-07,Cluster 37,233300
2015-08,Cluster 37,233900
2015-09,Cluster 37,234400
2015-10,Cluster 37,236800
2015-11,Cluster 37,240700
2015-12,Cluster 37,246900
2011-01,Cluster 38,221400
2011-02,Cluster 38,219800
2011-03,Cluster 38,220000
2011-04,Cluster 38,221100
2011-05,Cluster 38,221100
2011-06,Cluster 38,220000
2011-07,Cluster 38,218600
2011-08,Cluster 38,218600
2011-09,Cluster 38,219800
2011-10,Cluster 38,221700
2011-11,Cluster 38,223000
2011-12,Cluster 38,223300
2012-01,Cluster 38,223800
2012-02,Cluster 38,225800
2012-03,Cluster 38,227900
2012-04,Cluster 38,226200
2012-05,Cluster 38,222000
2012-06,Cluster 38,218300
2012-07,Cluster 38,216400
2012-08,Cluster 38,214500
2012-09,Cluster 38,213200
2012-10,Cluster 38,210800
2012-11,Cluster 38,206700
2012-12,Cluster 38,204600
2013-01,Cluster 38,205100
2013-02,Cluster 38,206800
2013-03,Cluster 38,210000
2013-04,Cluster 38,218800
2013-05,Cluster 38,230200
2013-06,Cluster 38,237400
2013-07,Cluster 38,237200
2013-08,Cluster 38,235500
2013-09,Cluster 38,234500
2013-10,Cluster 38,234000
2013-11,Cluster 38,233400
2013-12,Cluster 38,234100
2014-01,Cluster 38,235000
2014-02,Cluster 38,234800
2014-03,Cluster 38,233800
2014-04,Cluster 38,231600
2014-05,Cluster 38,229400
2014-06,Cluster 38,230000
2014-07,Cluster 38,232500
2014-08,Cluster 38,234200
2014-09,Cluster 38,234600
2014-10,Cluster 38,234800
2014-11,Cluster 38,236000
2014-12,Cluster 38,239900
2015-01,Cluster 38,245100
2015-02,Cluster 38,248700
2015-03,Cluster 38,249100
2015-04,Cluster 38,249800
2015-05,Cluster 38,252700
2015-06,Cluster 38,256700
2015-07,Cluster 38,260100
2015-08,Cluster 38,262400
2015-09,Cluster 38,264600
2015-10,Cluster 38,269600
2015-11,Cluster 38,276600
2015-12,Cluster 38,282800
2011-01,Cluster 39,178900
2011-02,Cluster 39,177500
2011-03,Cluster 39,175900
2011-04,Cluster 39,172700
2011-05,Cluster 39,170700
2011-06,Cluster 39,170300
2011-07,Cluster 39,169800
2011-08,Cluster 39,169000
2011-09,Cluster 39,167300
2011-10,Cluster 39,164000
2011-11,Cluster 39,161500
2011-12,Cluster 39,160700
2012-01,Cluster 39,160600
2012-02,Cluster 39,161800
2012-03,Cluster 39,165000
2012-04,Cluster 39,168500
2012-05,Cluster 39,170800
2012-06,Cluster 39,173000
2012-07,Cluster 39,176400
2012-08,Cluster 39,179500
2012-09,Cluster 39,181000
2012-10,Cluster 39,181700
2012-11,Cluster 39,183300
2012-12,Cluster 39,183600
2013-01,Cluster 39,180700
2013-02,Cluster 39,176400
2013-03,Cluster 39,173800
2013-04,Cluster 39,172800
2013-05,Cluster 39,172900
2013-06,Cluster 39,173800
2013-07,Cluster 39,174400
2013-08,Cluster 39,173900
2013-09,Cluster 39,174100
2013-10,Cluster 39,175400
2013-11,Cluster 39,176300
2013-12,Cluster 39,176700
2014-01,Cluster 39,177600
2014-02,Cluster 39,179600
2014-03,Cluster 39,181800
2014-04,Cluster 39,183700
2014-05,Cluster 39,184600
2014-06,Cluster 39,185200
2014-07,Cluster 39,188700
2014-08,Cluster 39,197100
2014-09,Cluster 39,206800
2014-10,Cluster 39,214900
2014-11,Cluster 39,223000
2014-12,Cluster 39,229700
2015-01,Cluster 39,233600
2015-02,Cluster 39,236600
2015-03,Cluster 39,239200
2015-04,Cluster 39,237700
2015-05,Cluster 39,234400
2015-06,Cluster 39,233900
2015-07,Cluster 39,234900
2015-08,Cluster 39,232600
2015-09,Cluster 39,228500
2015-10,Cluster 39,227500
2015-11,Cluster 39,229400
2015-12,Cluster 39,231600
2011-01,Cluster 4,1725300
2011-02,Cluster 4,1715100
2011-03,Cluster 4,1708400
2011-04,Cluster 4,1693900
2011-05,Cluster 4,1679000
2011-06,Cluster 4,1661600
2011-07,Cluster 4,1652900
2011-08,Cluster 4,1651500
2011-09,Cluster 4,1655500
2011-10,Cluster 4,1651500
2011-11,Cluster 4,1645600
2011-12,Cluster 4,1646100
2012-01,Cluster 4,1651500
2012-02,Cluster 4,1653100
2012-03,Cluster 4,1654900
2012-04,Cluster 4,1665800
2012-05,Cluster 4,1682300
2012-06,Cluster 4,1686200
2012-07,Cluster 4,1679100
2012-08,Cluster 4,1681000
2012-09,Cluster 4,1677900
2012-10,Cluster 4,1660300
2012-11,Cluster 4,1642400
2012-12,Cluster 4,1644500
2013-01,Cluster 4,1650200
2013-02,Cluster 4,1656600
2013-03,Cluster 4,1658200
2013-04,Cluster 4,1658400
2013-05,Cluster 4,1662000
2013-06,Cluster 4,1678900
2013-07,Cluster 4,1699400
2013-08,Cluster 4,1712500
2013-09,Cluster 4,1722500
2013-10,Cluster 4,1733800
2013-11,Cluster 4,1747000
2013-12,Cluster 4,1757300
2014-01,Cluster 4,1761700
2014-02,Cluster 4,1759100
2014-03,Cluster 4,1758500
2014-04,Cluster 4,1770200
2014-05,Cluster 4,1791400
2014-06,Cluster 4,1815100
2014-07,Cluster 4,1826600
2014-08,Cluster 4,1823600
2014-09,Cluster 4,1813500
2014-10,Cluster 4,1808500
2014-11,Cluster 4,1807500
2014-12,Cluster 4,1816500
2015-01,Cluster 4,1831600
2015-02,Cluster 4,1842000
2015-03,Cluster 4,1848900
2015-04,Cluster 4,1864100
2015-05,Cluster 4,1879900
2015-06,Cluster 4,1897300
2015-07,Cluster 4,1920800
2015-08,Cluster 4,1939700
2015-09,Cluster 4,1952000
2015-10,Cluster 4,1967100
2015-11,Cluster 4,1978100
2015-12,Cluster 4,1982500
2011-01,Cluster 40,842900
2011-02,Cluster 40,835300
2011-03,Cluster 40,836600
2011-04,Cluster 40,840600
2011-05,Cluster 40,842000
2011-06,Cluster 40,840900
2011-07,Cluster 40,840100
2011-08,Cluster 40,839500
2011-09,Cluster 40,840600
2011-10,Cluster 40,842900
2011-11,Cluster 40,844400
2011-12,Cluster 40,846400
2012-01,Cluster 40,850500
2012-02,Cluster 40,854800
2012-03,Cluster 40,860100
2012-04,Cluster 40,865700
2012-05,Cluster 40,867100
2012-06,Cluster 40,865700
2012-07,Cluster 40,868300
2012-08,Cluster 40,872700
2012-09,Cluster 40,874200
2012-10,Cluster 40,874000
2012-11,Cluster 40,873300
2012-12,Cluster 40,874300
2013-01,Cluster 40,876400
2013-02,Cluster 40,879600
2013-03,Cluster 40,882100
2013-04,Cluster 40,883800
2013-05,Cluster 40,888400
2013-06,Cluster 40,894000
2013-07,Cluster 40,897100
2013-08,Cluster 40,902000
2013-09,Cluster 40,913700
2013-10,Cluster 40,924900
2013-11,Cluster 40,930600
2013-12,Cluster 40,932000
2014-01,Cluster 40,933300
2014-02,Cluster 40,933800
2014-03,Cluster 40,931200
2014-04,Cluster 40,930900
2014-05,Cluster 40,936100
2014-06,Cluster 40,941100
2014-07,Cluster 40,940100
2014-08,Cluster 40,939900
2014-09,Cluster 40,942400
2014-10,Cluster 40,946500
2014-11,Cluster 40,950700
2014-12,Cluster 40,954900
2015-01,Cluster 40,956300
2015-02,Cluster 40,961900
2015-03,Cluster 40,979100
2015-04,Cluster 40,1001900
2015-05,Cluster 40,1020800
2015-06,Cluster 40,1036900
2015-07,Cluster 40,1050500
2015-08,Cluster 40,1055400
2015-09,Cluster 40,1050700
2015-10,Cluster 40,1041800
2015-11,Cluster 40,1037900
2015-12,Cluster 40,1040600
2011-01,Cluster 41,0
2011-02,Cluster 41,0
2011-03,Cluster 41,0
2011-04,Cluster 41,0
2011-05,Cluster 41,0
2011-06,Cluster 41,0
2011-07,Cluster 41,0
2011-08,Cluster 41,0
2011-09,Cluster 41,0
2011-10,Cluster 41,0
2011-11,Cluster 41,0
2011-12,Cluster 41,0
2012-01,Cluster 41,0
2012-02,Cluster 41,0
2012-03,Cluster 41,0
2012-04,Cluster 41,0
2012-05,Cluster 41,0
2012-06,Cluster 41,0
2012-07,Cluster 41,0
2012-08,Cluster 41,0
2012-09,Cluster 41,0
2012-10,Cluster 41,0
2012-11,Cluster 41,0
2012-12,Cluster 41,657800
2013-01,Cluster 41,662100
2013-02,Cluster 41,658600
2013-03,Cluster 41,654100
2013-04,Cluster 41,648900
2013-05,Cluster 41,644700
2013-06,Cluster 41,644900
2013-07,Cluster 41,649300
2013-08,Cluster 41,654900
2013-09,Cluster 41,660900
2013-10,Cluster 41,666800
2013-11,Cluster 41,673200
2013-12,Cluster 41,676300
2014-01,Cluster 41,677400
2014-02,Cluster 41,681600
2014-03,Cluster 41,689300
2014-04,Cluster 41,691300
2014-05,Cluster 41,686000
2014-06,Cluster 41,684800
2014-07,Cluster 41,691800
2014-08,Cluster 41,699700
2014-09,Cluster 41,703800
2014-10,Cluster 41,707700
2014-11,Cluster 41,711100
2014-12,Cluster 41,711900
2015-01,Cluster 41,712800
2015-02,Cluster 41,719800
2015-03,Cluster 41,732500
2015-04,Cluster 41,744100
2015-05,Cluster 41,750200
2015-06,Cluster 41,754700
2015-07,Cluster 41,761000
2015-08,Cluster 41,766200
2015-09,Cluster 41,772300
2015-10,Cluster 41,782900
2015-11,Cluster 41,792800
2015-12,Cluster 41,798200
2011-01,Cluster 42,1260378
2011-02,Cluster 42,1247148
2011-03,Cluster 42,1244012
2011-04,Cluster 42,1245286
2011-05,Cluster 42,1246756
2011-06,Cluster 42,1242640
2011-07,Cluster 42,1244502
2011-08,Cluster 42,1254596
2011-09,Cluster 42,1261260
2011-10,Cluster 42,1261162
2011-11,Cluster 42,1260770
2011-12,Cluster 42,1256850
2012-01,Cluster 42,1246952
2012-02,Cluster 42,1235290
2012-03,Cluster 42,1232448
2012-04,Cluster 42,1235094
2012-05,Cluster 42,1239896
2012-06,Cluster 42,1247834
2012-07,Cluster 42,1257830
2012-08,Cluster 42,1264494
2012-09,Cluster 42,1265866
2012-10,Cluster 42,1265572
2012-11,Cluster 42,1268904
2012-12,Cluster 42,1272432
2013-01,Cluster 42,1272432
2013-02,Cluster 42,1277136
2013-03,Cluster 42,1286544
2013-04,Cluster 42,1294580
2013-05,Cluster 42,1296540
2013-06,Cluster 42,1298696
2013-07,Cluster 42,1302224
2013-08,Cluster 42,1306536
2013-09,Cluster 42,1311240
2013-10,Cluster 42,1319276
2013-11,Cluster 42,1325058
2013-12,Cluster 42,1325940
2014-01,Cluster 42,1327018
2014-02,Cluster 42,1331330
2014-03,Cluster 42,1334466
2014-04,Cluster 42,1338092
2014-05,Cluster 42,1343972
2014-06,Cluster 42,1352890
2014-07,Cluster 42,1366316
2014-08,Cluster 42,1381212
2014-09,Cluster 42,1388660
2014-10,Cluster 42,1397186
2014-11,Cluster 42,1408946
2014-12,Cluster 42,1412670
2015-01,Cluster 42,1404634
2015-02,Cluster 42,1398166
2015-03,Cluster 42,1396010
2015-04,Cluster 42,1398558
2015-05,Cluster 42,1411102
2015-06,Cluster 42,1427762
2015-07,Cluster 42,1439718
2015-08,Cluster 42,1445206
2015-09,Cluster 42,1455398
2015-10,Cluster 42,1466374
2015-11,Cluster 42,1474704
2015-12,Cluster 42,1479702
2011-01,Cluster 43,199234
2011-02,Cluster 43,198940
2011-03,Cluster 43,198548
2011-04,Cluster 43,196588
2011-05,Cluster 43,193550
2011-06,Cluster 43,190120
2011-07,Cluster 43,187082
2011-08,Cluster 43,184338
2011-09,Cluster 43,182084
2011-10,Cluster 43,180124
2011-11,Cluster 43,178360
2011-12,Cluster 43,177282
2012-01,Cluster 43,176792
2012-02,Cluster 43,177478
2012-03,Cluster 43,178948
2012-04,Cluster 43,180124
2012-05,Cluster 43,181202
2012-06,Cluster 43,181986
2012-07,Cluster 43,182574
2012-08,Cluster 43,184338
2012-09,Cluster 43,187082
2012-10,Cluster 43,189728
2012-11,Cluster 43,190904
2012-12,Cluster 43,191982
2013-01,Cluster 43,192864
2013-02,Cluster 43,193354
2013-03,Cluster 43,193550
2013-04,Cluster 43,194530
2013-05,Cluster 43,197666
2013-06,Cluster 43,202664
2013-07,Cluster 43,207270
2013-08,Cluster 43,211092
2013-09,Cluster 43,213150
2013-10,Cluster 43,211876
2013-11,Cluster 43,210504
2013-12,Cluster 43,211190
2014-01,Cluster 43,212758
2014-02,Cluster 43,214522
2014-03,Cluster 43,216678
2014-04,Cluster 43,218736
2014-05,Cluster 43,220892
2014-06,Cluster 43,223734
2014-07,Cluster 43,227164
2014-08,Cluster 43,230888
2014-09,Cluster 43,234612
2014-10,Cluster 43,238238
2014-11,Cluster 43,241766
2014-12,Cluster 43,244804
2015-01,Cluster 43,246862
2015-02,Cluster 43,248920
2015-03,Cluster 43,251860
2015-04,Cluster 43,256074
2015-05,Cluster 43,260778
2015-06,Cluster 43,266070
2015-07,Cluster 43,270186
2015-08,Cluster 43,271558
2015-09,Cluster 43,271362
2015-10,Cluster 43,271656
2015-11,Cluster 43,272146
2015-12,Cluster 43,272048
2011-01,Cluster 44,230256
2011-02,Cluster 44,228592
2011-03,Cluster 44,228800
2011-04,Cluster 44,229944
2011-05,Cluster 44,229944
2011-06,Cluster 44,228800
2011-07,Cluster 44,227344
2011-08,Cluster 44,227344
2011-09,Cluster 44,228592
2011-10,Cluster 44,230568
2011-11,Cluster 44,231920
2011-12,Cluster 44,232232
2012-01,Cluster 44,232752
2012-02,Cluster 44,234832
2012-03,Cluster 44,237016
2012-04,Cluster 44,235248
2012-05,Cluster 44,230880
2012-06,Cluster 44,227032
2012-07,Cluster 44,225056
2012-08,Cluster 44,223080
2012-09,Cluster 44,221728
2012-10,Cluster 44,219232
2012-11,Cluster 44,214968
2012-12,Cluster 44,212784
2013-01,Cluster 44,213304
2013-02,Cluster 44,215072
2013-03,Cluster 44,218400
2013-04,Cluster 44,227552
2013-05,Cluster 44,239408
2013-06,Cluster 44,246896
2013-07,Cluster 44,246688
2013-08,Cluster 44,244920
2013-09,Cluster 44,243880
2013-10,Cluster 44,243360
2013-11,Cluster 44,242736
2013-12,Cluster 44,243464
2014-01,Cluster 44,244400
2014-02,Cluster 44,244192
2014-03,Cluster 44,243152
2014-04,Cluster 44,240864
2014-05,Cluster 44,238576
2014-06,Cluster 44,239200
2014-07,Cluster 44,241800
2014-08,Cluster 44,243568
2014-09,Cluster 44,243984
2014-10,Cluster 44,244192
2014-11,Cluster 44,245440
2014-12,Cluster 44,249496
2015-01,Cluster 44,254904
2015-02,Cluster 44,258648
2015-03,Cluster 44,259064
2015-04,Cluster 44,259792
2015-05,Cluster 44,262808
2015-06,Cluster 44,266968
2015-07,Cluster 44,270504
2015-08,Cluster 44,272896
2015-09,Cluster 44,275184
2015-10,Cluster 44,280384
2015-11,Cluster 44,287664
2015-12,Cluster 44,294112
2011-01,Cluster 5,591224.2
2011-02,Cluster 5,591224.2
2011-03,Cluster 5,591224.2
2011-04,Cluster 5,591224.2
2011-05,Cluster 5,591224.2
2011-06,Cluster 5,591224.2
2011-07,Cluster 5,591224.2
2011-08,Cluster 5,591224.2
2011-09,Cluster 5,591224.2
2011-10,Cluster 5,591224.2
2011-11,Cluster 5,591224.2
2011-12,Cluster 5,591224.2
2012-01,Cluster 5,624398
2012-02,Cluster 5,624398
2012-03,Cluster 5,624398
2012-04,Cluster 5,624398
2012-05,Cluster 5,624398
2012-06,Cluster 5,624398
2012-07,Cluster 5,624398
2012-08,Cluster 5,624398
2012-09,Cluster 5,624398
2012-10,Cluster 5,624398
2012-11,Cluster 5,624398
2012-12,Cluster 5,624398
2013-01,Cluster 5,710087.3
2013-02,Cluster 5,710087.3
2013-03,Cluster 5,710087.3
2013-04,Cluster 5,710087.3
2013-05,Cluster 5,710087.3
2013-06,Cluster 5,710087.3
2013-07,Cluster 5,710087.3
2013-08,Cluster 5,710087.3
2013-09,Cluster 5,710087.3
2013-10,Cluster 5,710087.3
2013-11,Cluster 5,710087.3
2013-12,Cluster 5,710087.3
2014-01,Cluster 5,786608.49
2014-02,Cluster 5,786608.49
2014-03,Cluster 5,786608.49
2014-04,Cluster 5,786608.49
2014-05,Cluster 5,786608.49
2014-06,Cluster 5,786608.49
2014-07,Cluster 5,786608.49
2014-08,Cluster 5,786608.49
2014-09,Cluster 5,786608.49
2014-10,Cluster 5,786608.49
2014-11,Cluster 5,786608.49
2014-12,Cluster 5,786608.49
2015-01,Cluster 5,815384.62
2015-02,Cluster 5,815384.62
2015-03,Cluster 5,815384.62
2015-04,Cluster 5,815384.62
2015-05,Cluster 5,815384.62
2015-06,Cluster 5,815384.62
2015-07,Cluster 5,815384.62
2015-08,Cluster 5,815384.62
2015-09,Cluster 5,815384.62
2015-10,Cluster 5,815384.62
2015-11,Cluster 5,815384.62
2015-12,Cluster 5,815384.62
2011-01,Cluster 6,308000
2011-02,Cluster 6,301600
2011-03,Cluster 6,299800
2011-04,Cluster 6,298800
2011-05,Cluster 6,296900
2011-06,Cluster 6,294400
2011-07,Cluster 6,293300
2011-08,Cluster 6,291700
2011-09,Cluster 6,287400
2011-10,Cluster 6,281000
2011-11,Cluster 6,275000
2011-12,Cluster 6,270800
2012-01,Cluster 6,270900
2012-02,Cluster 6,273900
2012-03,Cluster 6,277100
2012-04,Cluster 6,278600
2012-05,Cluster 6,280600
2012-06,Cluster 6,283800
2012-07,Cluster 6,287100
2012-08,Cluster 6,289500
2012-09,Cluster 6,295100
2012-10,Cluster 6,304300
2012-11,Cluster 6,314500
2012-12,Cluster 6,321600
2013-01,Cluster 6,324700
2013-02,Cluster 6,325900
2013-03,Cluster 6,327200
2013-04,Cluster 6,329000
2013-05,Cluster 6,332100
2013-06,Cluster 6,334700
2013-07,Cluster 6,336300
2013-08,Cluster 6,337400
2013-09,Cluster 6,336400
2013-10,Cluster 6,334900
2013-11,Cluster 6,335100
2013-12,Cluster 6,333000
2014-01,Cluster 6,328200
2014-02,Cluster 6,327700
2014-03,Cluster 6,331500
2014-04,Cluster 6,334700
2014-05,Cluster 6,336400
2014-06,Cluster 6,339100
2014-07,Cluster 6,341700
2014-08,Cluster 6,346200
2014-09,Cluster 6,351400
2014-10,Cluster 6,356000
2014-11,Cluster 6,359100
2014-12,Cluster 6,358400
2015-01,Cluster 6,355100
2015-02,Cluster 6,354500
2015-03,Cluster 6,356200
2015-04,Cluster 6,359400
2015-05,Cluster 6,366400
2015-06,Cluster 6,376100
2015-07,Cluster 6,385600
2015-08,Cluster 6,391400
2015-09,Cluster 6,398200
2015-10,Cluster 6,407100
2015-11,Cluster 6,413900
2015-12,Cluster 6,415800
2011-01,Cluster 7,456465.27
2011-02,Cluster 7,456465.27
2011-03,Cluster 7,456465.27
2011-04,Cluster 7,456465.27
2011-05,Cluster 7,456465.27
2011-06,Cluster 7,456465.27
2011-07,Cluster 7,456465.27
2011-08,Cluster 7,456465.27
2011-09,Cluster 7,456465.27
2011-10,Cluster 7,456465.27
2011-11,Cluster 7,456465.27
2011-12,Cluster 7,456465.27
2012-01,Cluster 7,323214.29
2012-02,Cluster 7,323214.29
2012-03,Cluster 7,323214.29
2012-04,Cluster 7,323214.29
2012-05,Cluster 7,323214.29
2012-06,Cluster 7,323214.29
2012-07,Cluster 7,323214.29
2012-08,Cluster 7,323214.29
2012-09,Cluster 7,323214.29
2012-10,Cluster 7,323214.29
2012-11,Cluster 7,323214.29
2012-12,Cluster 7,323214.29
2013-01,Cluster 7,300000
2013-02,Cluster 7,300000
2013-03,Cluster 7,300000
2013-04,Cluster 7,300000
2013-05,Cluster 7,300000
2013-06,Cluster 7,300000
2013-07,Cluster 7,300000
2013-08,Cluster 7,300000
2013-09,Cluster 7,300000
2013-10,Cluster 7,300000
2013-11,Cluster 7,300000
2013-12,Cluster 7,300000
2014-01,Cluster 7,400000
2014-02,Cluster 7,400000
2014-03,Cluster 7,400000
2014-04,Cluster 7,400000
2014-05,Cluster 7,400000
2014-06,Cluster 7,400000
2014-07,Cluster 7,400000
2014-08,Cluster 7,400000
2014-09,Cluster 7,400000
2014-10,Cluster 7,400000
2014-11,Cluster 7,400000
2014-12,Cluster 7,400000
2015-01,Cluster 7,435714.29
2015-02,Cluster 7,435714.29
2015-03,Cluster 7,435714.29
2015-04,Cluster 7,435714.29
2015-05,Cluster 7,435714.29
2015-06,Cluster 7,435714.29
2015-07,Cluster 7,435714.29
2015-08,Cluster 7,435714.29
2015-09,Cluster 7,435714.29
2015-10,Cluster 7,435714.29
2015-11,Cluster 7,435714.29
2015-12,Cluster 7,435714.29
2011-01,Cluster 8,337500
2011-02,Cluster 8,337500
2011-03,Cluster 8,337500
2011-04,Cluster 8,337500
2011-05,Cluster 8,337500
2011-06,Cluster 8,337500
2011-07,Cluster 8,337500
2011-08,Cluster 8,337500
2011-09,Cluster 8,337500
2011-10,Cluster 8,337500
2011-11,Cluster 8,337500
2011-12,Cluster 8,337500
2012-01,Cluster 8,335087.72
2012-02,Cluster 8,335087.72
2012-03,Cluster 8,335087.72
2012-04,Cluster 8,335087.72
2012-05,Cluster 8,335087.72
2012-06,Cluster 8,335087.72
2012-07,Cluster 8,335087.72
2012-08,Cluster 8,335087.72
2012-09,Cluster 8,335087.72
2012-10,Cluster 8,335087.72
2012-11,Cluster 8,335087.72
2012-12,Cluster 8,335087.72
2013-01,Cluster 8,417857.14
2013-02,Cluster 8,417857.14
2013-03,Cluster 8,417857.14
2013-04,Cluster 8,417857.14
2013-05,Cluster 8,417857.14
2013-06,Cluster 8,417857.14
2013-07,Cluster 8,417857.14
2013-08,Cluster 8,417857.14
2013-09,Cluster 8,417857.14
2013-10,Cluster 8,417857.14
2013-11,Cluster 8,417857.14
2013-12,Cluster 8,417857.14
2014-01,Cluster 8,397701.15
2014-02,Cluster 8,397701.15
2014-03,Cluster 8,397701.15
2014-04,Cluster 8,397701.15
2014-05,Cluster 8,397701.15
2014-06,Cluster 8,397701.15
2014-07,Cluster 8,397701.15
2014-08,Cluster 8,397701.15
2014-09,Cluster 8,397701.15
2014-10,Cluster 8,397701.15
2014-11,Cluster 8,397701.15
2014-12,Cluster 8,397701.15
2015-01,Cluster 8,401333.33
2015-02,Cluster 8,401333.33
2015-03,Cluster 8,401333.33
2015-04,Cluster 8,401333.33
2015-05,Cluster 8,401333.33
2015-06,Cluster 8,401333.33
2015-07,Cluster 8,401333.33
2015-08,Cluster 8,401333.33
2015-09,Cluster 8,401333.33
2015-10,Cluster 8,401333.33
2015-11,Cluster 8,401333.33
2015-12,Cluster 8,401333.33
2011-01,Cluster 9,283190.71
2011-02,Cluster 9,283190.71
2011-03,Cluster 9,283190.71
2011-04,Cluster 9,283190.71
2011-05,Cluster 9,283190.71
2011-06,Cluster 9,283190.71
2011-07,Cluster 9,283190.71
2011-08,Cluster 9,283190.71
2011-09,Cluster 9,283190.71
2011-10,Cluster 9,283190.71
2011-11,Cluster 9,283190.71
2011-12,Cluster 9,283190.71
2012-01,Cluster 9,274113.27
2012-02,Cluster 9,274113.27
2012-03,Cluster 9,274113.27
2012-04,Cluster 9,274113.27
2012-05,Cluster 9,274113.27
2012-06,Cluster 9,274113.27
2012-07,Cluster 9,274113.27
2012-08,Cluster 9,274113.27
2012-09,Cluster 9,274113.27
2012-10,Cluster 9,274113.27
2012-11,Cluster 9,274113.27
2012-12,Cluster 9,274113.27
2013-01,Cluster 9,247492.5
2013-02,Cluster 9,247492.5
2013-03,Cluster 9,247492.5
2013-04,Cluster 9,247492.5
2013-05,Cluster 9,247492.5
2013-06,Cluster 9,247492.5
2013-07,Cluster 9,247492.5
2013-08,Cluster 9,247492.5
2013-09,Cluster 9,247492.5
2013-10,Cluster 9,247492.5
2013-11,Cluster 9,247492.5
2013-12,Cluster 9,247492.5
2014-01,Cluster 9,272596.09
2014-02,Cluster 9,272596.09
2014-03,Cluster 9,272596.09
2014-04,Cluster 9,272596.09
2014-05,Cluster 9,272596.09
2014-06,Cluster 9,272596.09
2014-07,Cluster 9,272596.09
2014-08,Cluster 9,272596.09
2014-09,Cluster 9,272596.09
2014-10,Cluster 9,272596.09
2014-11,Cluster 9,272596.09
2014-12,Cluster 9,272596.09
2015-01,Cluster 9,305307.6208
2015-02,Cluster 9,305307.6208
2015-03,Cluster 9,305307.6208
2015-04,Cluster 9,305307.6208
2015-05,Cluster 9,305307.6208
2015-06,Cluster 9,305307.6208
2015-07,Cluster 9,305307.6208
2015-08,Cluster 9,305307.6208
2015-09,Cluster 9,305307.6208
2015-10,Cluster 9,305307.6208
2015-11,Cluster 9,305307.6208
2015-12,Cluster 9,305307.6208
